BAJIO,QUERETARO,AMEALCO,293,CERRO COLORADO,GUANAJUATO,CORONEO,CERRO COLORADO,NO,SI,NO,NO,SI,20.23132833,-100.352195
BAJIO,QUERETARO,AMEALCO,69,CERRO PRIETO PONIENTE,GUANAJUATO,CORONEO,CERRO PRIETO PONIENTE,SI,SI,NO,NO,SI,20.21997,-100.4055167
BAJIO,QUERETARO,AMEALCO,322,EL PUERTECITO,GUANAJUATO,CORONEO,EL PUERTECITO,NO,SI,NO,NO,SI,20.16654667,-100.3888583
BAJIO,QUERETARO,AMEALCO,230,EL SAUZ CEBOLLETAS,GUANAJUATO,CORONEO,EL SAUZ DE CEBOLLETAS,SI,SI,NO,NO,SI,20.278135,-100.3561983
BAJIO,QUERETARO,AMEALCO,331,LA LUZ,MICHOACAN DE OCAMPO,EPITACIO HUERTA,LA LUZ,NO,SI,NO,NO,SI,20.27153667,-100.310845
BAJIO,QUERETARO,AMEALCO,266,SAN ANTONIO MOLINOS,MICHOACAN DE OCAMPO,EPITACIO HUERTA,SAN ANTONIO MOLINOS,NO,SI,NO,NO,SI,20.07288167,-100.2167667
BAJIO,QUERETARO,AMEALCO,188,AMEALCO,QUERETARO,AMEALCO DE BONFIL,AMEALCO DE BONFIL,NO,SI,SI,NO,SI,20.18941833,-100.1456
BAJIO,QUERETARO,AMEALCO,348,EL APARTADERO,QUERETARO,AMEALCO DE BONFIL,EL APARTADERO,NO,NO,SI,NO,SI,20.15284667,-100.0531983
BAJIO,QUERETARO,AMEALCO,341,EL ASERRIN (OJO DE AGUA DEL HORNITO),QUERETARO,AMEALCO DE BONFIL,EL ASERRIN (OJO DE AGUA DEL HORNITO),NO,NO,SI,NO,SI,20.30292833,-100.22203
BAJIO,QUERETARO,AMEALCO,339,EL BATAN,QUERETARO,AMEALCO DE BONFIL,EL BATAN,NO,NO,SI,NO,SI,20.31535667,-100.2037417
BAJIO,QUERETARO,AMEALCO,269,EL CAPULIN,QUERETARO,AMEALCO DE BONFIL,EL CAPULIN,NO,SI,SI,NO,SI,20.117795,-100.041035
BAJIO,QUERETARO,AMEALCO,314,CHITEJE DE LA CRUZ,QUERETARO,AMEALCO DE BONFIL,CHITEJE DE LA CRUZ,NO,SI,SI,NO,SI,20.15546167,-100.152195
BAJIO,QUERETARO,AMEALCO,319,HACIENDA BLANCA,QUERETARO,AMEALCO DE BONFIL,HACIENDA BLANCA,NO,SI,SI,NO,SI,20.263885,-100.1039133
BAJIO,QUERETARO,AMEALCO,182,EL LINDERO,QUERETARO,AMEALCO DE BONFIL,EL LINDERO,NO,SI,SI,NO,SI,20.10127,-100.1335267
BAJIO,QUERETARO,AMEALCO,225,LOMA LINDA,QUERETARO,AMEALCO DE BONFIL,LOMA LINDA,SI,SI,SI,NO,SI,20.08262,-100.0684183
BAJIO,QUERETARO,AMEALCO,84,LA MANZANA,QUERETARO,AMEALCO DE BONFIL,LA MANZANA,NO,SI,SI,NO,SI,20.10680667,-100.07022
BAJIO,QUERETARO,AMEALCO,227,MESILLAS,QUERETARO,AMEALCO DE BONFIL,MESILLAS,NO,SI,SI,NO,SI,20.12897,-100.005865
BAJIO,QUERETARO,AMEALCO,279,EL PICACHO,QUERETARO,AMEALCO DE BONFIL,EL PICACHO,NO,SI,SI,NO,SI,20.10723167,-100.114425
BAJIO,QUERETARO,AMEALCO,298,EL PICACHO II,QUERETARO,AMEALCO DE BONFIL,EL PICACHO,NO,SI,SI,NO,SI,20.11373333,-100.1133083
BAJIO,QUERETARO,AMEALCO,162,LA PIEDAD,QUERETARO,AMEALCO DE BONFIL,JACAL DE LA PIEDAD,NO,SI,SI,NO,SI,20.09828167,-100.031555
BAJIO,QUERETARO,AMEALCO,189,SAN JOSE ITHO,QUERETARO,AMEALCO DE BONFIL,SAN JOSE ITHO,NO,SI,SI,NO,SI,20.16013833,-100.1204217
BAJIO,QUERETARO,AMEALCO,219,SAN JUAN DEHEDO,QUERETARO,AMEALCO DE BONFIL,SAN JUAN DEHEDO,NO,SI,SI,NO,SI,20.18263833,-100.1673367
BAJIO,QUERETARO,AMEALCO,5,SAN PABLO,QUERETARO,AMEALCO DE BONFIL,SAN PABLO,NO,SI,SI,NO,SI,20.08859167,-99.97749667
BAJIO,QUERETARO,AMEALCO,337,EL SAUCITO,QUERETARO,AMEALCO DE BONFIL,EL SAUCITO,NO,SI,SI,NO,SI,20.19639167,-100.0042467
BAJIO,QUERETARO,AMEALCO,170,TENASDA,QUERETARO,AMEALCO DE BONFIL,TENASDA (BARRIO DE SAN ILDEFONSO),NO,SI,SI,NO,SI,20.11632667,-99.96759833
BAJIO,QUERETARO,AMEALCO,186,EL TERRERO,QUERETARO,AMEALCO DE BONFIL,GUADALUPE EL TERRERO,NO,SI,SI,NO,SI,20.11121333,-100.1444133
BAJIO,QUERETARO,AMEALCO,285,LA CHARRASCA,QUERETARO,AMEALCO DE BONFIL,SAN NICOLAS DE LA TORRE,NO,SI,SI,NO,SI,20.08059667,-100.0825
BAJIO,QUERETARO,AMEALCO,55,LA TORRE,QUERETARO,AMEALCO DE BONFIL,SAN NICOLAS DE LA TORRE,NO,SI,SI,NO,SI,20.0789,-100.10139
BAJIO,QUERETARO,AMEALCO,324,EL GRANJENO,QUERETARO,AMEALCO DE BONFIL,EL GRANJENO,NO,SI,SI,NO,SI,20.313905,-100.148105
BAJIO,QUERETARO,AMEALCO,317,LA PINI,QUERETARO,AMEALCO DE BONFIL,LA PINI,NO,SI,SI,NO,SI,20.11142333,-99.98590833
BAJIO,QUERETARO,AMEALCO,349,LOS ARBOLES,QUERETARO,AMEALCO DE BONFIL,LOS ARBOLES,NO,NO,SI,NO,SI,20.052565,-100.1270017
BAJIO,QUERETARO,AMEALCO,350,RINCON DE AGUA BUENA,QUERETARO,AMEALCO DE BONFIL,EL RINCON DE AGUA BUENA (SAN MIGUEL TLAXCALTEPEC),NO,NO,SI,NO,SI,20.14696667,-100.1238267
BAJIO,QUERETARO,AMEALCO,221,SAN VICENTE,QUERETARO,COLON,SAN VICENTE EL ALTO (SAN VICENTE),NO,NO,NO,NO,SI,20.56820333,-100.16347
BAJIO,QUERETARO,AMEALCO,248,HUIMILPAN,QUERETARO,HUIMILPAN,HUIMILPAN,NO,SI,NO,NO,SI,20.37582667,-100.2767533
BAJIO,QUERETARO,AMEALCO,210,BUENAVISTA,QUERETARO,HUIMILPAN,BUENAVISTA,NO,SI,NO,NO,SI,20.389135,-100.3729933
BAJIO,QUERETARO,AMEALCO,38,HUITRON,QUERETARO,HUIMILPAN,HUITRON,NO,SI,NO,NO,SI,20.37407833,-100.360675
BAJIO,QUERETARO,AMEALCO,133,LA CEJA DE BRAVO,QUERETARO,HUIMILPAN,CEJA DE BRAVO,NO,SI,NO,NO,SI,20.380085,-100.3915017
BAJIO,QUERETARO,AMEALCO,278,LOS CUES,QUERETARO,HUIMILPAN,LOS CUES,NO,SI,NO,NO,SI,20.50419167,-100.264685
BAJIO,QUERETARO,AMEALCO,267,EL GRANJENO,QUERETARO,HUIMILPAN,EL GRANJENO,NO,SI,NO,NO,SI,20.42262,-100.3228517
BAJIO,QUERETARO,AMEALCO,292,NEVERIAS,QUERETARO,HUIMILPAN,NEVERIA II,NO,SI,NO,NO,SI,20.32456167,-100.2720533
BAJIO,QUERETARO,AMEALCO,328,LA NORIA,QUERETARO,HUIMILPAN,LA NORIA,NO,SI,NO,NO,SI,20.51259833,-100.3446833
BAJIO,QUERETARO,ESTACION CORRALEJO,281,SAN FRANSISCO DE HORTA,GUANAJUATO,ABASOLO,SAN FRANCISCO DE HORTA (EL ALACRAN),NO,SI,NO,NO,SI,20.57650667,-101.5541567
BAJIO,QUERETARO,ESTACION CORRALEJO,352,ALTO DE SAN JOSE DE GONZALEZ,GUANAJUATO,ABASOLO,ALTO DE SAN JOSE DE GONZALEZ,NO,SI,NO,NO,SI,20.57829167,-101.5359333
BAJIO,QUERETARO,ESTACION CORRALEJO,36,LA CARROZA,GUANAJUATO,ABASOLO,LA CARROZA,NO,SI,NO,NO,SI,20.566565,-101.591805
BAJIO,QUERETARO,ESTACION CORRALEJO,224,CERRITO DE ACEVES,GUANAJUATO,ABASOLO,CERRITOS DE ACEVES,SI,SI,NO,NO,SI,20.32807333,-101.6174033
BAJIO,QUERETARO,ESTACION CORRALEJO,289,COL. EMILIANO ZAPATA,GUANAJUATO,ABASOLO,EMILIANO ZAPATA (LA COLONIA),NO,SI,NO,NO,SI,20.41853,-101.5531433
BAJIO,QUERETARO,ESTACION CORRALEJO,190,LA FLORIDA DE GONZALEZ,GUANAJUATO,ABASOLO,LA FLORIDA DE GONZALEZ,NO,SI,NO,NO,SI,20.57073333,-101.569505
BAJIO,QUERETARO,ESTACION CORRALEJO,284,GOMEZ DE OROZCO,GUANAJUATO,ABASOLO,GOMEZ DE OROZCO,NO,SI,NO,NO,SI,20.511445,-101.5223933
BAJIO,QUERETARO,ESTACION CORRALEJO,249,GLORIA GUTIERREZ DELGADO,GUANAJUATO,ABASOLO,HUITZATARITO,NO,SI,NO,NO,SI,20.49775833,-101.564595
BAJIO,QUERETARO,ESTACION CORRALEJO,272,JOYA DE CALVILLO,GUANAJUATO,ABASOLO,LA JOYA DE CALVILLO,NO,SI,NO,NO,SI,20.74772333,-101.6068633
BAJIO,QUERETARO,ESTACION CORRALEJO,143,LAS MASAS (LA LUZ MASAS),GUANAJUATO,ABASOLO,LAS MASAS (LA LUZ MASAS),NO,SI,NO,NO,SI,20.599025,-101.5431
BAJIO,QUERETARO,ESTACION CORRALEJO,273,OJO DE AGUA DE HUANUMO,GUANAJUATO,ABASOLO,OJO DE AGUA DE HUANUMO (EL TORREON),NO,SI,NO,NO,SI,20.72280167,-101.612465
BAJIO,QUERETARO,ESTACION CORRALEJO,349,RANCHO NUEVO DE LA CRUZ,GUANAJUATO,ABASOLO,RANCHO NUEVO DE LA CRUZ,NO,SI,NO,NO,SI,20.64933833,-101.5167117
BAJIO,QUERETARO,ESTACION CORRALEJO,300,SAN FRANCISCO DE HORTA,GUANAJUATO,ABASOLO,SAN FRANCISCO DE HORTA (EL GATO),NO,SI,NO,NO,SI,20.62208333,-101.53027
BAJIO,QUERETARO,ESTACION CORRALEJO,33,SAN TELMO DE ROA,GUANAJUATO,ABASOLO,SAN TELMO DE ROA,NO,SI,NO,NO,SI,20.46279333,-101.4850117
BAJIO,QUERETARO,ESTACION CORRALEJO,297,LA TRINIDAD,GUANAJUATO,ABASOLO,LA TRINIDAD,NO,SI,NO,NO,SI,20.58223333,-101.4879667
BAJIO,QUERETARO,ESTACION CORRALEJO,118,LOMA DE LA ESPERANZA,GUANAJUATO,ABASOLO,LOMA DE LA ESPERANZA,NO,SI,NO,NO,SI,20.66047167,-101.5552317
BAJIO,QUERETARO,ESTACION CORRALEJO,219,SAN JOSE DE GONZALEZ (LOS GONZALEZ),GUANAJUATO,ABASOLO,SAN JOSE DE GONZALEZ,NO,SI,NO,NO,SI,20.49844,-101.5243767
BAJIO,QUERETARO,ESTACION CORRALEJO,223,EJIDO DE TLANALAPA,GUANAJUATO,ABASOLO,EJIDO DE TLANALAPA (COLONIA DE LA ESPERANZA),NO,SI,NO,NO,SI,20.66044667,-101.5629833
BAJIO,QUERETARO,ESTACION CORRALEJO,286,EL TEPOCATE,GUANAJUATO,ABASOLO,EL TEPOCATE,NO,SI,NO,NO,SI,20.45747667,-101.5985833
BAJIO,QUERETARO,ESTACION CORRALEJO,324,COLONIA LOS ANGELES,GUANAJUATO,ABASOLO,COLONIA LOS ANGELES,NO,SI,NO,NO,SI,20.60490667,-101.5750133
BAJIO,QUERETARO,ESTACION CORRALEJO,91,CERRITO DE AGUA CALIENTE,GUANAJUATO,CUERAMARO,CERRITO DE AGUA CALIENTE,NO,SI,NO,NO,SI,20.63686333,-101.58425
BAJIO,QUERETARO,ESTACION CORRALEJO,134,EL PLATANAL,GUANAJUATO,CUERAMARO,PLATANAR,NO,SI,NO,NO,SI,20.60959833,-101.699735
BAJIO,QUERETARO,ESTACION CORRALEJO,361,PRESA DE URIBE,GUANAJUATO,CUERAMARO,LA PRESA DE URIBE,NO,SI,NO,NO,SI,20.61257833,-101.5791967
BAJIO,QUERETARO,ESTACION CORRALEJO,301,PUERTA DE LA RESERVA,GUANAJUATO,CUERAMARO,PUERTA DE LA RESERVA,SI,SI,NO,NO,SI,20.64814667,-101.6915017
BAJIO,QUERETARO,LANDA DE MATAMOROS,202,EL CAPULIN,SAN LUIS POTOSI,LAGUNILLAS,EL CAPULIN,NO,SI,NO,NO,SI,21.50190833,-99.562985
BAJIO,QUERETARO,LANDA DE MATAMOROS,211,EL LIMON,SAN LUIS POTOSI,LAGUNILLAS,EL LIMON,NO,SI,NO,NO,SI,21.444195,-99.51408667
BAJIO,QUERETARO,LANDA DE MATAMOROS,164,LAS NORIAS,SAN LUIS POTOSI,LAGUNILLAS,LAS NORIAS,NO,SI,NO,NO,SI,21.59457833,-99.67528
BAJIO,QUERETARO,LANDA DE MATAMOROS,207,LA REFORMA,SAN LUIS POTOSI,LAGUNILLAS,LA REFORMA,NO,SI,NO,NO,SI,21.537415,-99.58020833
BAJIO,QUERETARO,LANDA DE MATAMOROS,237,AHUACATLAN,SAN LUIS POTOSI,XILITLA,AHUACATLAN DE JESUS,NO,SI,SI,NO,SI,21.316625,-99.05585333
BAJIO,QUERETARO,LANDA DE MATAMOROS,242,OLLITA DEL PINO,SAN LUIS POTOSI,XILITLA,OLLITA DEL PINO,NO,SI,SI,NO,SI,21.37444,-99.062955
BAJIO,QUERETARO,LANDA DE MATAMOROS,240,PILATENO,SAN LUIS POTOSI,XILITLA,PILATENO,NO,SI,SI,NO,SI,21.333515,-98.96926
BAJIO,QUERETARO,LANDA DE MATAMOROS,235,PLAN DE JUAREZ,SAN LUIS POTOSI,XILITLA,PLAN DE JUAREZ,NO,SI,SI,NO,SI,21.36218167,-98.99033667
BAJIO,QUERETARO,LANDA DE MATAMOROS,233,POTRERILLOS,SAN LUIS POTOSI,XILITLA,POTRERILLOS,NO,SI,SI,NO,SI,21.30932167,-99.06796
BAJIO,QUERETARO,LANDA DE MATAMOROS,132,SOLEDAD DE ZARAGOZA,SAN LUIS POTOSI,XILITLA,SOLEDAD DE ZARAGOZA,NO,SI,SI,NO,SI,21.335705,-99.078305
BAJIO,QUERETARO,LANDA DE MATAMOROS,239,LA VICTORIA,SAN LUIS POTOSI,XILITLA,LA VICTORIA,NO,SI,SI,NO,SI,21.315275,-99.01838667
BAJIO,QUERETARO,LANDA DE MATAMOROS,118,ZACATIPA,SAN LUIS POTOSI,XILITLA,ZACATIPA,NO,SI,SI,NO,SI,21.36467,-99.05390667
BAJIO,QUERETARO,LANDA DE MATAMOROS,241,BUENAVISTA,SAN LUIS POTOSI,XILITLA,BUENAVISTA,NO,SI,SI,NO,SI,21.33799,-99.10339667
BAJIO,QUERETARO,LANDA DE MATAMOROS,246,EL RETEN,SAN LUIS POTOSI,XILITLA,EL RETEN,NO,SI,SI,NO,SI,21.29343167,-99.101315
BAJIO,QUERETARO,LANDA DE MATAMOROS,192,SAN ANTONIO XALCUAYO,SAN LUIS POTOSI,XILITLA,PUERTO TRES CRUCES (SAN ANTONIO XALCUAYO UNO),NO,SI,SI,NO,SI,21.37933333,-99.007235
BAJIO,QUERETARO,LANDA DE MATAMOROS,103,SANTA ANITA,SAN LUIS POTOSI,XILITLA,SANTA ANITA,SI,SI,SI,NO,SI,21.34022167,-99.06597333
CENTRO,JALISCO,COCULA,309,VALENCIA (JUANA CABRERA GUTIERREZ),JALISCO,ACATLAN DE JUAREZ,SAN PEDRO VALENCIA,NO,SI,NO,NO,SI,20.46926167,-103.6483567
CENTRO,JALISCO,COCULA,345,LOS AMIALES (JOHANNA ELIZABETH ORTIZ MEL,JALISCO,AMECA,LOS AMIALES,NO,SI,NO,NO,SI,20.47282,-103.9857867
CENTRO,JALISCO,COCULA,357,EL CABEZON (JOSEFINA CACIAN GARCIA),JALISCO,AMECA,EL CABEZON (EL LIMON),NO,SI,NO,NO,SI,20.496315,-103.9519083
CENTRO,JALISCO,COCULA,371,ELIAS OLIVERA RAMOS,JALISCO,AMECA,LA CORONILLA,NO,SI,NO,NO,SI,20.47656833,-104.0704417
CENTRO,JALISCO,COCULA,360,LA HUERTA DE SAN JAVIER (J JESUS SANTOS,JALISCO,AMECA,LA HUERTA DE SAN JAVIER,NO,SI,NO,NO,SI,20.48126833,-104.0086117
CENTRO,JALISCO,COCULA,316,JAYAMITLA (ISIS RAQUEL PAVIA MEZA),JALISCO,AMECA,JAYAMITLA (COLMENAR),NO,SI,NO,NO,SI,20.59034667,-104.1776083
CENTRO,JALISCO,COCULA,321,LAGUNILLAS,JALISCO,AMECA,LAGUNILLAS,NO,SI,NO,NO,SI,20.58040167,-104.2193933
CENTRO,JALISCO,COCULA,363,LOS MORILLOS,JALISCO,AMECA,LOS MORILLOS,NO,SI,NO,NO,SI,20.576215,-104.1534233
CENTRO,JALISCO,COCULA,324,LA PAREJA (LOURDES LOPEZ DIAZ),JALISCO,AMECA,LA PAREJA,NO,SI,NO,NO,SI,20.59663333,-104.2370683
CENTRO,JALISCO,COCULA,373,EL REALITO (ANA ROSA RODRIGUEZ VARGAS,JALISCO,AMECA,EL REALITO,NO,SI,NO,NO,SI,20.53724667,-104.1774767
CENTRO,JALISCO,COCULA,319,SAN MIGUEL (ANA  BERTHA ANDALON  QUINTER,JALISCO,AMECA,SAN MIGUEL,NO,SI,NO,NO,SI,20.54726667,-104.09234
CENTRO,JALISCO,COCULA,57,TEXCALAME (JAZMIN SOFIA MEDINILLA RUELAS,JALISCO,AMECA,EL TEXCALAME,NO,SI,NO,NO,SI,20.45581833,-104.07206
CENTRO,JALISCO,COCULA,374,LA VILLITA (MARIA MAGDALENA VAZQUEZ ROME,JALISCO,AMECA,LA VILLITA,NO,SI,NO,NO,SI,20.58632833,-104.17304
CENTRO,JALISCO,COCULA,237,LAS BLANQUITAS,JALISCO,ATEMAJAC DE BRIZUELA,TIERRA BLANCA,NO,SI,NO,NO,SI,20.20573,-103.81168
CENTRO,JALISCO,COCULA,334,LAS VARILLAS,JALISCO,ATEMAJAC DE BRIZUELA,LAS VARILLAS,NO,SI,NO,NO,SI,20.14831333,-103.6498217
CENTRO,JALISCO,COCULA,335,COFRADIA DE LA LUZ,JALISCO,COCULA,LA COFRADIA DE LA LUZ,NO,SI,NO,NO,SI,20.40607,-103.77011
CENTRO,JALISCO,COCULA,359,EL CHIVATILLO (EFRAIN SANCHEZ CORONA),JALISCO,COCULA,EL CHIVATILLO (SAN ISIDRO),NO,SI,NO,NO,SI,20.29724667,-103.789855
CENTRO,JALISCO,COCULA,326,LA ESTANZUELA,JALISCO,COCULA,LA ESTANZUELA,NO,SI,NO,NO,SI,20.480225,-103.8584417
CENTRO,JALISCO,COCULA,328,SAN NICOLAS (MARIA GUADALUPE ALVARADO R),JALISCO,COCULA,SAN NICOLAS (SAN NICOLAS ACUÑA),NO,SI,NO,NO,SI,20.46826833,-103.8177417
CENTRO,JALISCO,COCULA,7,SANTA TERESA,JALISCO,COCULA,SANTA TERESA,NO,SI,NO,NO,SI,0,0
CENTRO,JALISCO,COCULA,379,LA SAUCEDA OGUY ANAYENTZIN MOJICA FLETES,JALISCO,COCULA,LA SAUCEDA,NO,SI,NO,NO,SI,20.45094,-103.805508
CENTRO,JALISCO,COCULA,354,BARRIO EL PASO BLANCO (MARIA DE LA PAZ R,JALISCO,CHIQUILISTLAN,CHIQUILISTLAN,NO,SI,NO,NO,SI,20.08921333,-103.8586133
CENTRO,JALISCO,COCULA,384,BARRIO EL RANCHITO,JALISCO,CHIQUILISTLAN,CHIQUILISTLAN,NO,SI,NO,NO,SI,20.08147167,-103.86372
CENTRO,JALISCO,COCULA,172,H.AYTO. CHIQUILISTLAN (GRABIELA AGUILAR,JALISCO,CHIQUILISTLAN,CHIQUILISTLAN,NO,SI,NO,NO,SI,20.08629333,-103.86427
CENTRO,JALISCO,COCULA,342,BARRIO LA OCOTERA,JALISCO,CHIQUILISTLAN,CHIQUILISTLAN,NO,SI,NO,NO,SI,20.082865,-103.856105
CENTRO,JALISCO,COCULA,123,AGUA ONDA,JALISCO,CHIQUILISTLAN,AGUA HEDIONDA (SAN JOSE DE LA PEÑA),NO,SI,NO,NO,SI,20.08121167,-103.9307717
CENTRO,JALISCO,COCULA,262,EL COMAL,JALISCO,CHIQUILISTLAN,COMALA Y AGUA PUERCA,NO,SI,NO,NO,SI,20.05863667,-103.9302733
CENTRO,JALISCO,COCULA,124,JALPA,JALISCO,CHIQUILISTLAN,JALPA,NO,SI,NO,NO,SI,20.03528833,-103.9348567
CENTRO,JALISCO,COCULA,16,LA CIENEGA DE AHUMADA,JALISCO,GUACHINANGO,LA CIENEGA DE LOS AHUMADA,NO,SI,NO,NO,SI,20.69000333,-104.4806817
CENTRO,JALISCO,COCULA,305,LLANO GRANDE (MARIA IMELDA ANDRADE CARD),JALISCO,GUACHINANGO,LLANO GRANDE,NO,SI,NO,NO,SI,20.77975,-104.5238333
CENTRO,JALISCO,COCULA,310,EL TABLILLO (LUCIA VILLA LOPEZ),JALISCO,GUACHINANGO,EL TABLILLO,NO,SI,NO,NO,SI,20.80264667,-104.5471617
CENTRO,JALISCO,COCULA,336,HUEJOTITAN,JALISCO,JOCOTEPEC,HUEJOTITAN,NO,SI,NO,NO,SI,20.35438667,-103.489
CENTRO,JALISCO,COCULA,378,SAN CRISTOBAL ZAPOTITLAN (EVELIA VELAZCO,JALISCO,JOCOTEPEC,SAN CRISTOBAL ZAPOTITLAN,NO,SI,NO,NO,SI,20.225677,-103.369605
CENTRO,JALISCO,COCULA,364,SAN PEDRO TESISTAN( GUADALUPE RENTERIA C,JALISCO,JOCOTEPEC,SAN PEDRO TESISTAN,NO,SI,NO,NO,SI,20.22977667,-103.41346
CENTRO,JALISCO,COCULA,320,EL SAUZ,JALISCO,JOCOTEPEC,EL SAUZ,NO,SI,NO,NO,SI,20.18690833,-103.3781
CENTRO,JALISCO,COCULA,375,LLANO CHICO (GRACIELA MARQUEZ GUTIERREZ,JALISCO,SAN MARTIN HIDALGO,SAN MARTIN HIDALGO,NO,SI,NO,NO,SI,20.43150167,-103.939185
CENTRO,JALISCO,COCULA,325,IPAZOLTIC(MA. GUADALUPE SOLANO PACHECO),JALISCO,SAN MARTIN HIDALGO,IPAZOLTIC,NO,SI,NO,NO,SI,20.43507167,-103.985965
CENTRO,JALISCO,COCULA,337,SAN JERONIMO (MA. DE LOS ANGELES CASTA?O,JALISCO,SAN MARTIN HIDALGO,SAN JERONIMO (LOS BARBOSA),NO,SI,NO,NO,SI,20.406675,-103.987235
CENTRO,JALISCO,COCULA,287,PALO VERDE,JALISCO,SAN MARTIN HIDALGO,SAN ISIDRO PALO VERDE,NO,SI,NO,NO,SI,20.390795,-103.9109867
CENTRO,JALISCO,COCULA,245,LOS VERGARA (ANGELICA BRICENO ORTEGA),JALISCO,SAN MARTIN HIDALGO,LOS VERGARA,NO,SI,NO,NO,SI,20.45302333,-103.921705
CENTRO,JALISCO,COCULA,344,COFRADIA DE DUENDES (JUDITH ZEPEDA S.,JALISCO,TECOLOTLAN,COFRADIA DE DUENDES,NO,SI,NO,NO,SI,20.23475833,-104.004865
CENTRO,JALISCO,COCULA,291,OJO DE AGUA (RAMONA RAMIREZ NUNO),JALISCO,TECOLOTLAN,OJO DE AGUA,NO,SI,NO,NO,SI,20.22090833,-103.9807333
CENTRO,JALISCO,COCULA,283,QUILA EL GRANDE,JALISCO,TECOLOTLAN,QUILA,NO,SI,NO,NO,SI,20.35565,-104.0842117
CENTRO,JALISCO,COCULA,349,EL COPAL (JOSE SANTOS BUSTOS RUELAS),JALISCO,TECOLOTLAN,EL RODEO VIEJO (EL COPAL COLORADO),NO,SI,NO,NO,SI,20.20379167,-103.86444
CENTRO,JALISCO,COCULA,351,TAMAZULITA,JALISCO,TECOLOTLAN,TAMAZULITA,NO,SI,NO,NO,SI,20.203595,-103.9697533
CENTRO,JALISCO,COCULA,353,VILLEGAS (VERONICA RUELAS MUNOZ),JALISCO,TECOLOTLAN,VILLEGAS,NO,SI,NO,NO,SI,20.21973333,-103.8907117
CENTRO,JALISCO,COCULA,333,COLONIAS DEL GAVILAN (FELIX RAMOS),JALISCO,TEOCUITATLAN DE CORONA,COLONIAS DEL GAVILAN (FELIX RAMOS),NO,SI,NO,NO,SI,20.09580167,-103.3961883
CENTRO,JALISCO,COCULA,358,CHAMACUERO (AZUCENA JIMENEZ GONZALEZ),JALISCO,TEOCUITATLAN DE CORONA,CHAMACUERO,NO,SI,NO,NO,SI,20.107515,-103.2931433
CENTRO,JALISCO,COCULA,329,COL. LAZARO CARDENAS,JALISCO,TEOCUITATLAN DE CORONA,LAZARO CARDENAS,NO,SI,NO,NO,SI,20.10597667,-103.3366067
CENTRO,JALISCO,COCULA,290,MILPILLAS (MA. GUADALUPE BARAJAS L.),JALISCO,TEOCUITATLAN DE CORONA,LA MILPILLA,NO,SI,NO,NO,SI,20.13836,-103.4017833
CENTRO,JALISCO,COCULA,382,PUERTA DE CITALA (ANGELICA MARIA RODRIGU,JALISCO,TEOCUITATLAN DE CORONA,PUERTA DE CITALA,NO,SI,NO,NO,SI,20.11693667,-103.3522217
CENTRO,JALISCO,COCULA,381,LA RUEDA (ANGELITA RENTERIA LIRA,JALISCO,TEOCUITATLAN DE CORONA,LA RUEDA,NO,SI,NO,NO,SI,20.10339,-103.2640783
CENTRO,JALISCO,COCULA,18,SANTA ROSA (LORENZA AVILA CARDENAS),JALISCO,TEOCUITATLAN DE CORONA,SANTA ROSA,NO,SI,NO,NO,SI,20.04440833,-103.3108217
CENTRO,JALISCO,COCULA,322,TIERRA BLANCA (MARIA DEL ROSARIO IBANEZ),JALISCO,TEOCUITATLAN DE CORONA,TIERRA BLANCA,NO,SI,NO,NO,SI,20.11383667,-103.3520233
CENTRO,JALISCO,COCULA,372,LA VEGA (OLGA LOPEZ LOPEZ),JALISCO,TEUCHITLAN,LA VEGA,NO,SI,NO,NO,SI,20.58374167,-103.8583367
CENTRO,JALISCO,COCULA,81,EL REFUGIO (GENOVEVA  MARTINEZ CEJA),JALISCO,TIZAPAN EL ALTO,EL REFUGIO,NO,SI,NO,NO,SI,20.12277833,-103.1438717
CENTRO,JALISCO,COCULA,341,LA ROSA AMARILLA,JALISCO,TIZAPAN EL ALTO,LA ROSA AMARILLA,NO,SI,NO,NO,SI,20.08435167,-103.1097117
CENTRO,JALISCO,COCULA,346,SAN LUIS SOYATLAN (MARIA TRINIDAD RAMOS),JALISCO,TUXCUECA,SAN LUIS SOYATLAN,NO,SI,NO,NO,SI,20.19927667,-103.3080733
CENTRO,JALISCO,COCULA,362,BUENAVISTA (CRISTINA RAMOS REYES),JALISCO,VILLA CORONA,BUENAVISTA,NO,SI,NO,NO,SI,20.33493167,-103.7474017
CENTRO,JALISCO,COCULA,160,JUAN GIL PRECIADO (MA. RAMIREZ OROZCO),JALISCO,VILLA CORONA,JUAN GIL PRECIADO (LA LOMA),NO,SI,NO,NO,SI,20.36923333,-103.72833
CENTRO,JALISCO,COCULA,383,FRACCCIONAMIENTO SAN MIGUEL (MARIA GPE,JALISCO,ZACOALCO DE TORRES,ZACOALCO DE TORRES,NO,SI,NO,NO,SI,20.22893833,-103.5809383
CENTRO,JALISCO,COCULA,128,CACALUTA (MA. DE JESUS LEAL CHAVEZ),JALISCO,ZACOALCO DE TORRES,CACALUTA (LA VILLITA),NO,SI,NO,NO,SI,20.163945,-103.48514
CENTRO,JALISCO,COCULA,339,SAYULAPAN (ANDREA BEAS VIDRIO),JALISCO,ZACOALCO DE TORRES,SAYULAPAN,NO,SI,NO,NO,SI,20.16818833,-103.62122
CENTRO,JALISCO,COCULA,144,VERDIA (MARTINA GUDINO GONZALEZ),JALISCO,ZACOALCO DE TORRES,VERDIA,NO,SI,NO,NO,SI,20.15766667,-103.509415
CENTRO,JALISCO,COLIMA,14,COFRADIA DE JUAREZ,COLIMA,ARMERIA,COFRADIA DE JUAREZ,NO,SI,NO,NO,SI,0,0
CENTRO,JALISCO,COLIMA,464,CUYUTLAN,COLIMA,ARMERIA,CUYUTLAN,NO,SI,NO,NO,SI,18.91631833,-104.0647517
CENTRO,JALISCO,COLIMA,484,RINCON DE LOPEZ,COLIMA,ARMERIA,RINCON DE LOPEZ,NO,SI,NO,NO,SI,19.04800667,-103.9316467
CENTRO,JALISCO,COLIMA,112,LOS REYES,COLIMA,ARMERIA,LOS REYES (ZORRILLOS),NO,SI,NO,NO,SI,18.983295,-104.0634083
CENTRO,JALISCO,COLIMA,11,COL.FERROCARRIL,COLIMA,ARMERIA,COLONIA SAGRADO CORAZON,NO,SI,NO,NO,SI,18.932895,-103.9787233
CENTRO,JALISCO,COLIMA,82,LOS ASMOLES,COLIMA,COLIMA,LOS ASMOLES,NO,SI,NO,NO,SI,19.1219,-103.7742817
CENTRO,JALISCO,COLIMA,13,ASTILLERERO DE ABAJO,COLIMA,COLIMA,EL ASTILLERO DE ABAJO,SI,SI,NO,NO,SI,19.17993333,-103.579365
CENTRO,JALISCO,COLIMA,397,ASTILLERO DE ARRIBA,COLIMA,COLIMA,EL ASTILLERO DE ARRIBA,NO,SI,NO,NO,SI,19.18868667,-103.555805
CENTRO,JALISCO,COLIMA,103,EL BORDO,COLIMA,COLIMA,EL BORDO,NO,SI,NO,NO,SI,19.20189833,-103.5268833
CENTRO,JALISCO,COLIMA,213,ESTAPILLA,COLIMA,COLIMA,ESTAPILLA,NO,SI,NO,NO,SI,18.97654,-103.5331417
CENTRO,JALISCO,COLIMA,413,LAS GOLONDRINAS,COLIMA,COLIMA,LAS GOLONDRINAS,NO,SI,NO,NO,SI,19.13673167,-103.76565
CENTRO,JALISCO,COLIMA,109,LAS GUASIMAS,COLIMA,COLIMA,LAS GUASIMAS (LAS BORREGAS),NO,SI,NO,NO,SI,19.11436667,-103.7244767
CENTRO,JALISCO,COLIMA,477,CARDONA,COLIMA,COLIMA,CARDONA,NO,SI,NO,NO,SI,19.22549333,-103.6582733
CENTRO,JALISCO,COLIMA,110,PUERTA DE ANZAR,COLIMA,COLIMA,PUERTA DE ANZAR,NO,SI,NO,NO,SI,19.11912333,-103.5492917
CENTRO,JALISCO,COLIMA,5,TEPAMES,COLIMA,COLIMA,LOS TEPAMES,NO,SI,NO,NO,SI,19.0956,-103.621505
CENTRO,JALISCO,COLIMA,146,TINAJAS,COLIMA,COLIMA,TINAJAS,NO,SI,NO,NO,SI,19.04292,-103.5870467
CENTRO,JALISCO,COLIMA,465,TRAPICHILLOS,COLIMA,COLIMA,TRAPICHILLOS,NO,SI,NO,NO,SI,19.16185167,-103.5267933
CENTRO,JALISCO,COLIMA,228,LAS TUNAS,COLIMA,COLIMA,LAS TUNAS,NO,SI,NO,NO,SI,18.90884833,-103.5523517
CENTRO,JALISCO,COLIMA,482,IGNACIO ALLENDE,COLIMA,COLIMA,LA LOMA DE IGNACIO ALLENDE,NO,SI,NO,NO,SI,19.20381,-103.5950567
CENTRO,JALISCO,COLIMA,177,EL AMARRADERO,COLIMA,COLIMA,EL AMARRADERO,NO,SI,NO,NO,SI,19.060475,-103.5932
CENTRO,JALISCO,COLIMA,58,AGOSTO,COLIMA,COMALA,AGOSTO,NO,SI,NO,NO,SI,0,0
CENTRO,JALISCO,COLIMA,16,LA CAJA,COLIMA,COMALA,LA CAJA,NO,SI,NO,NO,SI,19.37101333,-103.7981283
CENTRO,JALISCO,COLIMA,94,COFRADIA DE SUCHITLAN,COLIMA,COMALA,COFRADIA DE SUCHITLAN,NO,SI,NO,NO,SI,19.41010833,-103.702165
CENTRO,JALISCO,COLIMA,111,LOS COLOMOS,COLIMA,COMALA,LOS COLOMOS,NO,SI,NO,NO,SI,19.37099833,-103.798125
CENTRO,JALISCO,COLIMA,463,LAGUNITAS,COLIMA,COMALA,LAGUNITAS,NO,SI,NO,NO,SI,19.42468333,-103.8864067
CENTRO,JALISCO,COLIMA,2,EL REMUDADERO.,COLIMA,COMALA,EL REMUDADERO,NO,SI,NO,NO,SI,19.31915667,-103.7671417
CENTRO,JALISCO,COLIMA,261,SUCHITLAN (2),COLIMA,COMALA,SUCHITLAN,NO,SI,NO,NO,SI,19.373965,-103.7085267
CENTRO,JALISCO,COLIMA,441,SUCHITLAN 3,COLIMA,COMALA,SUCHITLAN,NO,SI,NO,NO,SI,19.37544667,-103.711745
CENTRO,JALISCO,COLIMA,26,LA NOGALERA,COLIMA,COMALA,LA NOGALERA,NO,SI,NO,NO,SI,19.39033,-103.702535
CENTRO,JALISCO,COLIMA,480,COQUIMATLAN 2,COLIMA,COQUIMATLAN,COQUIMATLAN,NO,SI,NO,NO,SI,19.20578167,-103.8158067
CENTRO,JALISCO,"MARUATA, MICH",46,AQUILA,MICHOACAN DE OCAMPO,AQUILA,AQUILA,NO,SI,SI,NO,SI,18.51697,-103.411145
CENTRO,JALISCO,"MARUATA, MICH",218,BEJAMA,MICHOACAN DE OCAMPO,AQUILA,BEJAMA,SI,SI,SI,NO,SI,18.3899,-103.41287
CENTRO,JALISCO,"MARUATA, MICH",202,COBIGENES,MICHOACAN DE OCAMPO,AQUILA,COBIGENES,SI,SI,SI,NO,SI,18.41452,-103.3961767
CENTRO,JALISCO,"MARUATA, MICH",71,CACHAN DE ECHEVERRIA,MICHOACAN DE OCAMPO,AQUILA,CACHAN DE ECHEVERRIA,NO,SI,SI,NO,SI,18.24372167,-103.2501183
CENTRO,JALISCO,"MARUATA, MICH",109,COFRADIA DE OSTULA,MICHOACAN DE OCAMPO,AQUILA,LA COFRADIA DE OSTULA,NO,SI,SI,NO,SI,18.55400167,-103.4233283
CENTRO,JALISCO,"MARUATA, MICH",183,COIRE,MICHOACAN DE OCAMPO,AQUILA,COIRE,NO,SI,SI,NO,SI,18.39268667,-103.3190217
CENTRO,JALISCO,"MARUATA, MICH",189,COLOLA,MICHOACAN DE OCAMPO,AQUILA,COLOLA,NO,SI,SI,NO,SI,18.29707833,-103.4100767
CENTRO,JALISCO,"MARUATA, MICH",163,CRUZ DE CAMPOS,MICHOACAN DE OCAMPO,AQUILA,CRUZ DE CAMPOS,NO,SI,SI,NO,SI,18.57243833,-103.5912883
CENTRO,JALISCO,"MARUATA, MICH",201,CUILALA,MICHOACAN DE OCAMPO,AQUILA,CUILALA DE HIDALGO,NO,SI,SI,NO,SI,18.20011833,-103.0792033
CENTRO,JALISCO,"MARUATA, MICH",237,CHACALAPA DE POMARO,MICHOACAN DE OCAMPO,AQUILA,CHACALAPA DE COIRE,NO,SI,SI,NO,SI,18.38399667,-103.362105
CENTRO,JALISCO,"MARUATA, MICH",82,LA ESTANZUELA,MICHOACAN DE OCAMPO,AQUILA,LA ESTANZUELA,NO,SI,SI,NO,SI,18.60390333,-103.4584833
CENTRO,JALISCO,"MARUATA, MICH",50,HUAHUA,MICHOACAN DE OCAMPO,AQUILA,HUAHUA,NO,SI,SI,NO,SI,18.38401333,-103.3620667
CENTRO,JALISCO,"MARUATA, MICH",232,LA LABOR,MICHOACAN DE OCAMPO,AQUILA,LA LABOR,NO,SI,SI,NO,SI,18.54645167,-103.4386783
CENTRO,JALISCO,"MARUATA, MICH",62,MAQUILI,MICHOACAN DE OCAMPO,AQUILA,MAQUILI,NO,SI,SI,NO,SI,18.58131833,-103.533895
CENTRO,JALISCO,"MARUATA, MICH",154,MARIALITOS,MICHOACAN DE OCAMPO,AQUILA,MARIALITOS,NO,SI,SI,NO,SI,18.48827167,-103.5013983
CENTRO,JALISCO,"MARUATA, MICH",128,MOTIN DEL ORO,MICHOACAN DE OCAMPO,AQUILA,MOTIN DEL ORO,NO,SI,SI,NO,SI,18.32734667,-103.4698283
CENTRO,JALISCO,"MARUATA, MICH",200,OSTULA,MICHOACAN DE OCAMPO,AQUILA,SANTA MARIA DE OSTULA,NO,SI,SI,NO,SI,18.50293833,-103.4778383
CENTRO,JALISCO,"MARUATA, MICH",187,LA PLACITA,MICHOACAN DE OCAMPO,AQUILA,LA PLACITA DE MORELOS,NO,SI,SI,NO,SI,18.53066667,-103.5895883
CENTRO,JALISCO,"MARUATA, MICH",192,LA PLACITA,MICHOACAN DE OCAMPO,AQUILA,LA PLACITA DE MORELOS,NO,SI,SI,SI,SI,18.530665,-103.5895867
CENTRO,JALISCO,"MARUATA, MICH",198,POMARO,MICHOACAN DE OCAMPO,AQUILA,POMARO,NO,SI,SI,NO,SI,18.340135,-103.3078367
CENTRO,JALISCO,"MARUATA, MICH",233,EL POTRERO DE OSTULA,MICHOACAN DE OCAMPO,AQUILA,EL POTRERO DE OSTULA,NO,SI,SI,NO,SI,18.51682167,-103.41124
CENTRO,JALISCO,"MARUATA, MICH",193,MARUATA,MICHOACAN DE OCAMPO,AQUILA,MARUATA,NO,SI,SI,SI,SI,18.27402167,-103.3491067
CENTRO,JALISCO,"MARUATA, MICH",226,SAN PEDRO NARANJESTIL,MICHOACAN DE OCAMPO,AQUILA,SAN PEDRO NARANJESTIL,NO,SI,SI,NO,SI,18.29905333,-103.132915
CENTRO,JALISCO,"MARUATA, MICH",227,LA TICLA,MICHOACAN DE OCAMPO,AQUILA,LA TICLA,NO,SI,SI,NO,SI,18.4547,-103.5516867
CENTRO,JALISCO,"MARUATA, MICH",207,TIZUPAN,MICHOACAN DE OCAMPO,AQUILA,TIZUPAN,NO,SI,SI,NO,SI,18.22634167,-103.1294167
CENTRO,JALISCO,"MARUATA, MICH",225,EL ZAPOTE DE MADERO,MICHOACAN DE OCAMPO,AQUILA,EL ZAPOTE DE MADERO,NO,SI,SI,NO,SI,18.38551667,-103.5266967
CENTRO,JALISCO,"MARUATA, MICH",197,EL FARO DE BUCERIAS,MICHOACAN DE OCAMPO,AQUILA,EL FARO DE BUCERIAS,NO,SI,SI,NO,SI,18.35255833,-103.5056467
CENTRO,JALISCO,"MARUATA, MICH",230,LAS HACIENDAS,MICHOACAN DE OCAMPO,AQUILA,LAS HACIENDAS,SI,SI,SI,NO,SI,18.30251167,-103.4050633
CENTRO,JALISCO,"MARUATA, MICH",222,LA IXTAPILLA,MICHOACAN DE OCAMPO,AQUILA,IXTAPILLA,NO,SI,SI,NO,SI,18.42053667,-103.5318233
CENTRO,JALISCO,"MARUATA, MICH",235,PASO DE NORIA,MICHOACAN DE OCAMPO,AQUILA,PASO DE NORIA,NO,SI,SI,NO,SI,18.26573,-103.302275
CENTRO,NAYARIT,ACAPONETA,165,ACAPONETA (CENTRO),NAYARIT,ACAPONETA,ACAPONETA,NO,SI,NO,NO,SI,22.49325167,-105.37436
CENTRO,NAYARIT,ACAPONETA,197,ACAPONETA (COLONIAS),NAYARIT,ACAPONETA,ACAPONETA,NO,SI,NO,NO,SI,22.49989667,-105.3586633
CENTRO,NAYARIT,ACAPONETA,132,ACAPONETA (TERRON BLANCO),NAYARIT,ACAPONETA,ACAPONETA,NO,SI,NO,NO,SI,22.487635,-105.3614417
CENTRO,NAYARIT,ACAPONETA,215,ACAPONETA (LAZARO CARDENAS),NAYARIT,ACAPONETA,ACAPONETA,NO,SI,NO,NO,SI,22.507435,-105.3574017
CENTRO,NAYARIT,ACAPONETA,16,EL AGUAJE,NAYARIT,ACAPONETA,EL AGUAJE,NO,SI,NO,NO,SI,22.50201,-105.5173233
CENTRO,NAYARIT,ACAPONETA,47,AMADO NERVO,NAYARIT,ACAPONETA,AMADO NERVO,SI,SI,NO,NO,SI,22.38407833,-105.3472567
CENTRO,NAYARIT,ACAPONETA,30,LA BAYONA,NAYARIT,ACAPONETA,LA BAYONA,SI,SI,NO,NO,SI,22.52059833,-105.446515
CENTRO,NAYARIT,ACAPONETA,74,BUENAVISTA,NAYARIT,ACAPONETA,BUENAVISTA (LAS PAREDES),SI,SI,NO,NO,SI,22.46334333,-105.452515
CENTRO,NAYARIT,ACAPONETA,196,EL CARRIZO,NAYARIT,ACAPONETA,EL CARRIZO,SI,SI,NO,NO,SI,22.45036333,-105.2344583
CENTRO,NAYARIT,ACAPONETA,261,CASAS COLORADAS,NAYARIT,ACAPONETA,CASAS COLORADAS,NO,SI,NO,NO,SI,22.45340167,-105.342735
CENTRO,NAYARIT,ACAPONETA,183,LAS CASITAS,NAYARIT,ACAPONETA,LAS CASITAS,NO,SI,NO,NO,SI,22.53862833,-105.4324733
CENTRO,NAYARIT,ACAPONETA,264,EL CENTENARIO,NAYARIT,ACAPONETA,EL CENTENARIO,NO,NO,NO,NO,SI,0,0
CENTRO,NAYARIT,ACAPONETA,240,LA GUASIMA,NAYARIT,ACAPONETA,LA GUASIMA,NO,SI,NO,NO,SI,22.40607333,-105.38873
CENTRO,NAYARIT,ACAPONETA,198,LLANO DE LA CRUZ,NAYARIT,ACAPONETA,LLANO DE LA CRUZ,NO,SI,NO,NO,SI,22.43550667,-105.377245
CENTRO,NAYARIT,ACAPONETA,21,MESA DE PEDRO Y PABLO,NAYARIT,ACAPONETA,MESA DE PEDRO PABLO,SI,SI,NO,NO,SI,22.43441667,-105.17464
CENTRO,NAYARIT,ACAPONETA,12,EL MOTAJE,NAYARIT,ACAPONETA,SAN JOSE DE MOTAJE,SI,SI,NO,NO,SI,22.39655833,-105.2470933
CENTRO,NAYARIT,ACAPONETA,166,PALOMA NUEVA REFORMA,NAYARIT,ACAPONETA,LA PALOMA NUEVA REFORMA,SI,SI,NO,NO,SI,22.31133833,-105.2346833
CENTRO,NAYARIT,ACAPONETA,263,PIEDRA ANCHA,NAYARIT,ACAPONETA,PIEDRA ANCHA,NO,SI,NO,NO,SI,0,0
CENTRO,NAYARIT,ACAPONETA,209,EL RECODO,NAYARIT,ACAPONETA,EL RECODO,NO,SI,NO,NO,SI,22.52163167,-105.3423933
CENTRO,NAYARIT,ACAPONETA,142,EL RESBALON,NAYARIT,ACAPONETA,EL RESBALON,SI,SI,NO,NO,SI,22.39525167,-105.30273
CENTRO,NAYARIT,ACAPONETA,20,SAN DIEGO DE ALCALA,NAYARIT,ACAPONETA,SAN DIEGO DE ALCALA,SI,SI,NO,NO,SI,22.47548,-105.17089
CENTRO,NAYARIT,ACAPONETA,18,SAN DIEGO DEL NARANJO,NAYARIT,ACAPONETA,EL NARANJO,SI,SI,NO,NO,SI,22.55438,-105.2677417
CENTRO,NAYARIT,ACAPONETA,231,SAN DIEGUITO DE ABAJO,NAYARIT,ACAPONETA,SAN DIEGUITO DE ABAJO,NO,SI,NO,NO,SI,22.49629,-105.3310333
CENTRO,NAYARIT,ACAPONETA,212,SAN JOSE DE GRACIA,NAYARIT,ACAPONETA,SAN JOSE DE GRACIA,NO,SI,NO,NO,SI,22.48038833,-105.37878
CENTRO,NAYARIT,ACAPONETA,26,SAN MIGUEL,NAYARIT,ACAPONETA,SAN MIGUEL,NO,SI,NO,NO,SI,22.332265,-105.285645
CENTRO,NAYARIT,ACAPONETA,254,SAN PEDRO DE HONOR,NAYARIT,ACAPONETA,SAN PEDRO DE HONOR,SI,SI,NO,NO,SI,22.36115833,-105.1740583
CENTRO,NAYARIT,ACAPONETA,164,SANTA CRUZ DE ACAPONETA,NAYARIT,ACAPONETA,SANTA CRUZ,SI,SI,NO,NO,SI,22.46899167,-105.1191567
CENTRO,NAYARIT,ACAPONETA,4,SAYULILLA,NAYARIT,ACAPONETA,SAYULILLA,NO,SI,NO,NO,SI,22.43897167,-105.3912617
CENTRO,NAYARIT,ACAPONETA,19,EL TACOTE,NAYARIT,ACAPONETA,EL TACOTE,SI,SI,NO,NO,SI,22.62749833,-105.4497
CENTRO,NAYARIT,ACAPONETA,102,EL TIGRE,NAYARIT,ACAPONETA,EL TIGRE,NO,SI,NO,NO,SI,22.502455,-105.4649017
CENTRO,NAYARIT,ACAPONETA,29,VALLE DE LA URRACA,NAYARIT,ACAPONETA,VALLE DE LA URRACA (EL CABILDO),SI,SI,NO,NO,SI,22.572185,-105.6350233
CENTRO,NAYARIT,ACAPONETA,253,MESA DE LA LAGUNA,NAYARIT,ACAPONETA,MESA DE LA LAGUNA,SI,SI,NO,NO,SI,22.51915167,-105.1309867
CENTRO,NAYARIT,ACAPONETA,75,LA LAGUNITA,NAYARIT,ACAPONETA,LA LAGUNITA,SI,SI,NO,NO,SI,22.54920333,-105.3051567
CENTRO,NAYARIT,ACAPONETA,238,PALOMA PRIMERA,NAYARIT,ACAPONETA,LA PALOMA PRIMERA,SI,SI,NO,NO,SI,22.31942333,-105.2081833
CENTRO,NAYARIT,ACAPONETA,237,EL CARRIZAL,NAYARIT,ACAPONETA,EL CARRIZAL,SI,SI,NO,NO,SI,22.604722,-105.086389
CENTRO,NAYARIT,ACAPONETA,256,HUAJICORI IV (LA LOMITA),NAYARIT,HUAJICORI,HUAJICORI,NO,SI,SI,NO,SI,22.640225,-105.3236117
CENTRO,NAYARIT,ACAPONETA,111,HUAJICORI II (LLANITOS),NAYARIT,HUAJICORI,HUAJICORI,NO,SI,SI,NO,SI,22.641115,-105.32072
CENTRO,NAYARIT,ACAPONETA,128,HUAJICORI III (LIC.),NAYARIT,HUAJICORI,HUAJICORI,NO,SI,SI,NO,SI,22.63735,-105.318285
CENTRO,NAYARIT,ACAPONETA,108,HUAJICORI I (AUT.),NAYARIT,HUAJICORI,HUAJICORI,NO,SI,SI,NO,SI,22.636975,-105.321465
CENTRO,NAYARIT,ACAPONETA,169,EL COLORADO,NAYARIT,HUAJICORI,EL COLORADO,SI,SI,SI,NO,SI,22.68880333,-105.2322433
CENTRO,NAYARIT,ACAPONETA,179,MINERAL DE CUCHARAS,NAYARIT,HUAJICORI,MINERAL DE CUCHARAS,SI,SI,SI,NO,SI,22.81911167,-105.30656
CENTRO,NAYARIT,ACAPONETA,50,LA ESTANCIA,NAYARIT,HUAJICORI,LA ESTANCIA,SI,SI,SI,NO,SI,22.59217333,-105.3456833
CENTRO,NAYARIT,ACAPONETA,57,GUAMUCHILAR,NAYARIT,HUAJICORI,GUAMUCHILAR,SI,SI,SI,NO,SI,22.782725,-105.3359483
CENTRO,NAYARIT,ACAPONETA,139,LLANO GRANDE,NAYARIT,HUAJICORI,LLANO GRANDE,SI,SI,SI,NO,SI,22.24855667,-105.4062683
CENTRO,NAYARIT,ACAPONETA,79,MESA DE LOS RICOS,NAYARIT,HUAJICORI,MESA DE LOS RICOS,SI,SI,SI,NO,SI,22.835833,-105.080833
CENTRO,NAYARIT,ACAPONETA,185,SANTA MARIA DE PICACHOS,NAYARIT,HUAJICORI,SANTA MARIA DE PICACHOS,SI,SI,SI,NO,SI,22.701944,-105.182222
CENTRO,NAYARIT,ACAPONETA,15,QUIVIQUINTA,NAYARIT,HUAJICORI,QUIVIQUINTA,SI,SI,SI,NO,SI,22.73039667,-105.3339467
CENTRO,NAYARIT,ACAPONETA,69,EL RIYITO,NAYARIT,HUAJICORI,EL RIITO,SI,SI,SI,NO,SI,22.860787,-105.369158
CENTRO,NAYARIT,ACAPONETA,138,SAN ANDRES MILPILLAS,NAYARIT,HUAJICORI,SAN ANDRES MILPILLAS,SI,SI,SI,NO,SI,22.863611,-105.118611
CENTRO,NAYARIT,ACAPONETA,93,SAN FRANCISCO DEL CAIMAN,NAYARIT,HUAJICORI,SAN FRANCISCO DEL CAIMAN,SI,SI,SI,NO,SI,22.70673833,-105.4637983
CENTRO,NAYARIT,ACAPONETA,195,EL TEPEHUAJE,NAYARIT,HUAJICORI,EL TEPEHUAJE,SI,SI,SI,NO,SI,22.71046333,-105.32404
CENTRO,NAYARIT,ACAPONETA,22,ZAPOTILLOS,NAYARIT,HUAJICORI,ZAPOTILLOS,SI,SI,SI,NO,SI,22.69203167,-105.3094367
CENTRO,NAYARIT,ACAPONETA,243,LA CAMPANA II,SINALOA,ESCUINAPA,LA CAMPANA NUMERO DOS (EL POCHOTE),NO,SI,NO,NO,SI,22.719335,-105.5984983
CENTRO,NAYARIT,ACAPONETA,248,EJIDO DE LA CAMPANA I,SINALOA,ESCUINAPA,EJIDO DE LA CAMPANA NUMERO UNO,NO,SI,NO,NO,SI,22.69730667,-105.6044933
CENTRO,NAYARIT,ACAPONETA,241,COPALES,SINALOA,ESCUINAPA,COPALES,SI,SI,NO,NO,SI,22.54344833,-105.5170283
CENTRO,NAYARIT,ACAPONETA,259,OJO DE AGUA PALMILLAS,SINALOA,ESCUINAPA,OJO DE AGUA DE PALMILLAS,NO,SI,NO,NO,SI,22.619055,-105.6013083
CENTRO,NAYARIT,ACAPONETA,242,PALMILLAS,SINALOA,ESCUINAPA,OJO DE AGUA DE PALMILLAS,NO,SI,NO,NO,SI,22.61666167,-105.6033583
CENTRO,NAYARIT,ACAPONETA,244,PALMILLAS (LIC.),SINALOA,ESCUINAPA,OJO DE AGUA DE PALMILLAS,NO,SI,NO,NO,SI,22.61939167,-105.603305
CENTRO,NAYARIT,ACAPONETA,247,LAS PILAS,SINALOA,ESCUINAPA,LAS PILAS,NO,SI,NO,NO,SI,0,0
CENTRO,NAYARIT,ACAPONETA,245,LA CIENEGA,SINALOA,ESCUINAPA,LA CIENEGA,SI,SI,NO,NO,SI,22.78088167,-105.5484233
CENTRO,NAYARIT,ACAPONETA,250,EL TREBOL,SINALOA,ESCUINAPA,EL TREBOL,NO,SI,NO,NO,SI,22.72274833,-105.61664
CENTRO,NAYARIT,ACAPONETA,255,LA LOMA (GABRIEL  LEYVA SOLANO),SINALOA,ESCUINAPA,LA LOMA (GABRIEL LEYVA SOLANO),NO,SI,NO,NO,SI,22.51315667,-105.4652917
CENTRO,NAYARIT,ACAPONETA,246,EL TREBOL II,SINALOA,ESCUINAPA,EL TREBOL DOS,SI,SI,NO,NO,SI,22.645015,-105.4696483
CENTRO,NAYARIT,JESUS MARIA,64,HUAZAMOTA,DURANGO,MEZQUITAL,HUAZAMOTA,SI,SI,SI,NO,SI,22.51822,-104.4954533
CENTRO,NAYARIT,JESUS MARIA,42,HUAZAMOTA II,DURANGO,MEZQUITAL,HUAZAMOTA,NO,SI,SI,NO,SI,22.52422167,-104.49442
CENTRO,NAYARIT,JESUS MARIA,13,HUAZAMOTA I,DURANGO,MEZQUITAL,HUAZAMOTA,NO,SI,SI,NO,SI,22.52410667,-104.49287
CENTRO,NAYARIT,JESUS MARIA,28,LAS ROSAS,DURANGO,MEZQUITAL,LAS ROSAS (MAZATA),NO,SI,SI,NO,SI,22.49503833,-104.5107483
CENTRO,NAYARIT,JESUS MARIA,65,SAN ANTONIO DE PADUA,DURANGO,MEZQUITAL,SAN ANTONIO DE PADUA,NO,SI,SI,NO,SI,22.55514,-104.4958533
CENTRO,NAYARIT,JESUS MARIA,23,SAN ANTONIO DE PADUA,DURANGO,MEZQUITAL,SAN ANTONIO DE PADUA,NO,SI,SI,NO,SI,22.56767833,-104.49322
CENTRO,NAYARIT,JESUS MARIA,70,SAN LUCAS DE JALPA,DURANGO,MEZQUITAL,SAN LUCAS DE JALPA,NO,NO,SI,NO,SI,22.43096833,-104.4992017
CENTRO,NAYARIT,JESUS MARIA,80,FORTINES,DURANGO,MEZQUITAL,FORTINES (LOS FORTINES),NO,SI,SI,NO,SI,22.50228,-104.5098917
CENTRO,NAYARIT,JESUS MARIA,63,BANCOS DE CALITIQUE,DURANGO,MEZQUITAL,BANCOS DE CALITIQUE,SI,SI,SI,NO,SI,22.44462167,-104.39298
CENTRO,NAYARIT,JESUS MARIA,69,CABEZAS,DURANGO,MEZQUITAL,CABEZAS,SI,NO,SI,NO,SI,22.58182167,-104.7089983
CENTRO,NAYARIT,JESUS MARIA,55,BRASILES,DURANGO,MEZQUITAL,BRASILES,NO,SI,SI,NO,SI,22.45517167,-104.4861517
CENTRO,NAYARIT,JESUS MARIA,75,MAYPURA DE JALPA,DURANGO,MEZQUITAL,MAYPURA DE JALPA,SI,NO,SI,NO,SI,22.408305,-104.47428
CENTRO,NAYARIT,JESUS MARIA,79,PUERTO DEL GUAMUCHIL,DURANGO,MEZQUITAL,PUERTO DEL GUAMUCHIL,NO,NO,SI,NO,SI,22.50025167,-104.41173
CENTRO,NAYARIT,JESUS MARIA,25,LAS PILAS,DURANGO,MEZQUITAL,LAS PILAS,NO,SI,SI,NO,SI,22.40125333,-104.4891317
CENTRO,NAYARIT,JESUS MARIA,50,LA ARENA,DURANGO,MEZQUITAL,LA ARENA,NO,SI,SI,NO,SI,22.45112167,-104.496625
CENTRO,NAYARIT,JESUS MARIA,62,CALITIQUE,DURANGO,MEZQUITAL,CALITIQUE,NO,SI,SI,NO,SI,22.41493,-104.426805
CENTRO,NAYARIT,JESUS MARIA,26,CALITIQUE,DURANGO,MEZQUITAL,CALITIQUE,NO,SI,SI,NO,SI,22.44015333,-104.4182267
CENTRO,NAYARIT,JESUS MARIA,82,EL POTRERO,DURANGO,MEZQUITAL,EL POTRERO,NO,NO,SI,NO,SI,22.58645167,-104.511915
HIDALGO,PACHUCA,AMAXAC,144,COL. CAMPAMENTO,HIDALGO,HUEJUTLA DE REYES,HUEJUTLA DE REYES,NO,NO,SI,NO,SI,21.13431667,-98.39962333
HIDALGO,PACHUCA,AMAXAC,205,COL. AVIACION CIVIL,HIDALGO,HUEJUTLA DE REYES,HUEJUTLA DE REYES,NO,SI,SI,NO,SI,21.14311,-98.40985167
HIDALGO,PACHUCA,AMAXAC,254,EL ZAPOTE HUEJUTLA HGO,HIDALGO,HUEJUTLA DE REYES,HUEJUTLA DE REYES,NO,SI,SI,NO,SI,21.13741667,-98.39645167
HIDALGO,PACHUCA,AMAXAC,194,COL. EL SEMINARIO,HIDALGO,HUEJUTLA DE REYES,HUEJUTLA DE REYES,NO,SI,SI,NO,SI,21.13338333,-98.41658833
HIDALGO,PACHUCA,AMAXAC,102,AGUACATITLA,HIDALGO,HUEJUTLA DE REYES,AGUACATITLA,NO,NO,SI,NO,SI,21.11346,-98.44818833
HIDALGO,PACHUCA,AMAXAC,237,AHUATEMPA,HIDALGO,HUEJUTLA DE REYES,AHUATEMPA,NO,NO,SI,SI,SI,21.09837,-98.38178833
HIDALGO,PACHUCA,AMAXAC,140,"AMAXAC, HUEJUTLA HGO.",HIDALGO,HUEJUTLA DE REYES,AMAXAC,NO,SI,SI,NO,SI,21.21536333,-98.47812333
HIDALGO,PACHUCA,AMAXAC,231,APILOL,HIDALGO,HUEJUTLA DE REYES,APILOL,SI,NO,SI,NO,SI,21.10731333,-98.53225333
HIDALGO,PACHUCA,AMAXAC,107,AQUIXCUATITLA,HIDALGO,HUEJUTLA DE REYES,AQUIXCUATITLA,NO,SI,SI,NO,SI,21.10752833,-98.47257
HIDALGO,PACHUCA,AMAXAC,227,ATEIXCO,HIDALGO,HUEJUTLA DE REYES,ATEIXCO,NO,NO,SI,NO,SI,21.164,-98.484525
HIDALGO,PACHUCA,AMAXAC,214,AXCACO,HIDALGO,HUEJUTLA DE REYES,AXCACO,NO,NO,SI,NO,SI,21.07028,-98.54082
HIDALGO,PACHUCA,AMAXAC,239,CECECAPA,HIDALGO,HUEJUTLA DE REYES,CECECAPA,NO,NO,SI,NO,SI,21.17552833,-98.490155
HIDALGO,PACHUCA,AMAXAC,256,COAMILA,HIDALGO,HUEJUTLA DE REYES,COAMILA,NO,NO,SI,NO,SI,21.11353,-98.501725
HIDALGO,PACHUCA,AMAXAC,139,LA CORRALA,HIDALGO,HUEJUTLA DE REYES,LA CORRALA,NO,SI,SI,NO,SI,21.17264667,-98.50524667
HIDALGO,PACHUCA,AMAXAC,175,COXHUACO,HIDALGO,HUEJUTLA DE REYES,COXHUACO II,NO,SI,SI,NO,SI,21.08748667,-98.45227333
HIDALGO,PACHUCA,AMAXAC,224,CRUZTITLA,HIDALGO,HUEJUTLA DE REYES,CRUZTITLA,NO,NO,SI,NO,SI,21.24271,-98.52110167
HIDALGO,PACHUCA,AMAXAC,262,COATECOMETL,HIDALGO,HUEJUTLA DE REYES,CUATECOMETL,NO,NO,SI,NO,SI,21.19409333,-98.49281333
HIDALGO,PACHUCA,AMAXAC,260,CHILILICO,HIDALGO,HUEJUTLA DE REYES,CHILILICO,NO,NO,SI,NO,SI,21.13492167,-98.44063667
HIDALGO,PACHUCA,AMAXAC,19,HUEHUETLA,HIDALGO,HUEJUTLA DE REYES,HUEHUETLA,NO,NO,SI,NO,SI,21.07395333,-98.50618833
HIDALGO,PACHUCA,AMAXAC,229,IXCATEPEC II,HIDALGO,HUEJUTLA DE REYES,IXCATEPEC,NO,NO,SI,NO,SI,21.10146167,-98.51948
HIDALGO,PACHUCA,AMAXAC,207,IXCATEPEC,HIDALGO,HUEJUTLA DE REYES,IXCATEPEC,NO,SI,SI,NO,SI,21.10018667,-98.51714833
HIDALGO,PACHUCA,AMAXAC,138,IXCATLAN,HIDALGO,HUEJUTLA DE REYES,IXCATLAN,NO,SI,SI,NO,SI,21.081515,-98.53550167
HIDALGO,PACHUCA,AMAXAC,82,IXTLAHUAC,HIDALGO,HUEJUTLA DE REYES,IXTLAHUAC,NO,NO,SI,NO,SI,21.09619833,-98.49396
HIDALGO,PACHUCA,AMAXAC,2,LEMONTITLA,HIDALGO,HUEJUTLA DE REYES,LEMONTITLA,NO,SI,SI,NO,SI,21.1717,-98.48689
HIDALGO,PACHUCA,AMAXAC,257,OXTOMAL I,HIDALGO,HUEJUTLA DE REYES,OXTOMAL I,NO,NO,SI,NO,SI,21.12538833,-98.46114667
HIDALGO,PACHUCA,AMAXAC,263,OZULUAMA,HIDALGO,HUEJUTLA DE REYES,OZULUAMA,NO,NO,SI,NO,SI,21.12013833,-98.35347
HIDALGO,PACHUCA,AMAXAC,230,PAHUATLAN,HIDALGO,HUEJUTLA DE REYES,PAHUATLAN,NO,NO,SI,NO,SI,21.06782333,-98.478255
HIDALGO,PACHUCA,AMAXAC,248,EL PEMUCHE,HIDALGO,HUEJUTLA DE REYES,EL PEMUCHE,NO,NO,SI,NO,SI,21.22090167,-98.51184833
HIDALGO,PACHUCA,AMAXAC,220,AMPLIACION BUENA VISTA,HIDALGO,HUEJUTLA DE REYES,BUENA VISTA,NO,NO,SI,NO,SI,21.09977,-98.49020167
HIDALGO,PACHUCA,AMAXAC,128,BUENA VISTA,HIDALGO,HUEJUTLA DE REYES,BUENA VISTA,NO,SI,SI,NO,SI,21.10312,-98.48110833
HIDALGO,PACHUCA,AMAXAC,145,SANTA CATARINA,HIDALGO,HUEJUTLA DE REYES,SANTA CATARINA,NO,SI,SI,NO,SI,21.100125,-98.38025
HIDALGO,PACHUCA,AMAXAC,5,SANTA CRUZ,HIDALGO,HUEJUTLA DE REYES,SANTA CRUZ,NO,SI,SI,NO,SI,21.19641167,-98.494545
HIDALGO,PACHUCA,AMAXAC,98,SITLAN,HIDALGO,HUEJUTLA DE REYES,SITLAN,NO,SI,SI,NO,SI,21.16617667,-98.48250833
HIDALGO,PACHUCA,AMAXAC,225,TACUATITLA,HIDALGO,HUEJUTLA DE REYES,TACUATITLA,NO,NO,SI,NO,SI,21.104535,-98.49829833
HIDALGO,PACHUCA,AMAXAC,261,BARRIO CHALAHUITZINTLA,HIDALGO,JALTOCAN,JALTOCAN,NO,NO,SI,NO,SI,21.13195667,-98.53936333
HIDALGO,PACHUCA,AMAXAC,223,BARRIO TOLTITLA,HIDALGO,JALTOCAN,JALTOCAN,NO,NO,SI,NO,SI,21.13945833,-98.53484167
HIDALGO,PACHUCA,AMAXAC,218,BARRIO PAHUATITLA,HIDALGO,JALTOCAN,JALTOCAN,NO,SI,SI,NO,SI,21.13541833,-98.53752167
HIDALGO,PACHUCA,AMAXAC,1,AMAXAC I,HIDALGO,JALTOCAN,AMAXAC I,NO,NO,SI,NO,SI,21.135795,-98.506855
HIDALGO,PACHUCA,AMAXAC,226,EL CHOTE,HIDALGO,JALTOCAN,EL CHOTE,NO,NO,SI,NO,SI,21.15218333,-98.50834833
HIDALGO,PACHUCA,AMAXAC,251,OCTATITLA,HIDALGO,JALTOCAN,OCTATITLA,NO,SI,SI,NO,SI,21.16871833,-98.52185667
HIDALGO,PACHUCA,AMAXAC,77,AHUAYO,HIDALGO,JALTOCAN,AHUAYO,NO,SI,SI,NO,SI,21.17572333,-98.53276667
HIDALGO,PACHUCA,AMAXAC,243,TEPEXICUICUIL,HIDALGO,JALTOCAN,TEPEXICUICUIL,SI,NO,SI,NO,SI,21.131895,-98.50911833
HIDALGO,PACHUCA,AMAXAC,244,TZINANCATITLA,HIDALGO,JALTOCAN,TZINANCATITLA,NO,NO,SI,NO,SI,21.17475333,-98.54232
HIDALGO,PACHUCA,AMAXAC,198,COAMECACO,HIDALGO,SAN FELIPE ORIZATLAN,CUAMECACO,NO,NO,SI,NO,SI,21.26266,-98.54509333
HIDALGO,PACHUCA,AMAXAC,121,LOS COYOLES,HIDALGO,SAN FELIPE ORIZATLAN,LOS COYOLES,NO,NO,SI,NO,SI,21.33174833,-98.5125
HIDALGO,PACHUCA,AMAXAC,152,LAS CHACAS,HIDALGO,SAN FELIPE ORIZATLAN,LAS CHACAS,NO,SI,SI,NO,SI,21.310095,-98.62385667
HIDALGO,PACHUCA,AMAXAC,30,LA LAGUNA,HIDALGO,SAN FELIPE ORIZATLAN,LA LAGUNA,NO,SI,SI,NO,SI,21.29022833,-98.58398333
HIDALGO,PACHUCA,AMAXAC,199,LOMAS ALTAS,HIDALGO,SAN FELIPE ORIZATLAN,LOMAS ALTAS,NO,NO,SI,NO,SI,21.31822667,-98.52350333
HIDALGO,PACHUCA,AMAXAC,88,LA MESA,HIDALGO,SAN FELIPE ORIZATLAN,LA MESA DE CUATOLOL,NO,SI,SI,NO,SI,21.28319833,-98.534915
HIDALGO,PACHUCA,AMAXAC,150,MONTE GRANDE,HIDALGO,SAN FELIPE ORIZATLAN,MONTE GRANDE,NO,SI,SI,NO,SI,21.33051833,-98.64609333
HIDALGO,PACHUCA,AMAXAC,187,NEXPA,HIDALGO,SAN FELIPE ORIZATLAN,NEXPA,NO,NO,SI,NO,SI,21.37616667,-98.55646833
HIDALGO,PACHUCA,AMAXAC,217,PIEDRA INCADA,HIDALGO,SAN FELIPE ORIZATLAN,PIEDRA HINCADA,NO,NO,SI,NO,SI,21.27201667,-98.55708833
HIDALGO,PACHUCA,AMAXAC,182,LAS PIEDRAS,HIDALGO,SAN FELIPE ORIZATLAN,LAS PIEDRAS (MICROPOLIS ECOLOGICA LAS PIEDRAS),NO,SI,SI,NO,SI,21.35890667,-98.50108833
HIDALGO,PACHUCA,AMAXAC,35,EL POTRERO,HIDALGO,SAN FELIPE ORIZATLAN,EL POTRERO,NO,SI,SI,NO,SI,21.330505,-98.657555
HIDALGO,PACHUCA,AMAXAC,213,TZAPOYO I,HIDALGO,SAN FELIPE ORIZATLAN,TZAPOYO I,NO,SI,SI,NO,SI,21.30489333,-98.59188167
HIDALGO,PACHUCA,AMAXAC,172,LOS JOBOS,HIDALGO,SAN FELIPE ORIZATLAN,LOS JOBOS,NO,SI,SI,NO,SI,21.3098,-98.54893833
HIDALGO,PACHUCA,AMAXAC,170,LOS HUMOS,HIDALGO,SAN FELIPE ORIZATLAN,LOS HUMOS,NO,SI,SI,NO,SI,21.182385,-98.54569333
HIDALGO,PACHUCA,AMAXAC,203,LA LAJA,VERACRUZ DE IGNACIO,CHALMA,LA LAJA,NO,NO,SI,NO,SI,21.1953,-98.33345333
HIDALGO,PACHUCA,AMAXAC,192,SAN PEDRO,VERACRUZ DE IGNACIO,CHALMA,SAN PEDRO COYUTLA,NO,NO,SI,NO,SI,21.22174,-98.42946333
HIDALGO,PACHUCA,AMAXAC,216,TENEXCO,VERACRUZ DE IGNACIO,CHALMA,TENEXCO,NO,SI,SI,NO,SI,21.24893667,-98.41588333
HIDALGO,PACHUCA,AMAXAC,195,ZAPOTITLA CH.,VERACRUZ DE IGNACIO,CHALMA,ZAPOTITLA,NO,SI,SI,NO,SI,21.26336167,-98.4103
HIDALGO,PACHUCA,AMAXAC,137,EL PINTOR,VERACRUZ DE IGNACIO,CHALMA,EL PINTOR,NO,SI,SI,NO,SI,21.15900333,-98.41582167
HIDALGO,PACHUCA,AMAXAC,222,EL MIRADOR,VERACRUZ DE IGNACIO,CHICONAMEL,EL MIRADOR,NO,NO,SI,NO,SI,21.313565,-98.507485
HIDALGO,PACHUCA,AMAXAC,211,ZACATIANGUIS,VERACRUZ DE IGNACIO,PLATON SANCHEZ,ZACATIANGUIS,NO,SI,SI,NO,SI,21.31887,-98.44583667
HIDALGO,PACHUCA,AMAXAC,202,ATEXCAL,VERACRUZ DE IGNACIO,PLATON SANCHEZ,ATEXCAL,NO,SI,SI,NO,SI,21.28391167,-98.41553667
HIDALGO,PACHUCA,AMAXAC,118,LOS POZOS,VERACRUZ DE IGNACIO,PLATON SANCHEZ,LOS POZOS,NO,SI,SI,NO,SI,21.32797667,-98.47605833
METROPOLITANA,ESTADO DE MEXICO,ALMOLOYA DE ALQUISIRAS,41,PILCAYA,GUERRERO,PILCAYA,PILCAYA,NO,SI,NO,NO,SI,18.749025,-99.67269167
METROPOLITANA,ESTADO DE MEXICO,ALMOLOYA DE ALQUISIRAS,322,LA CONCEPCION,GUERRERO,PILCAYA,LA CONCEPCION (LA CONCHA),NO,SI,NO,NO,SI,18.76871667,-99.693335
METROPOLITANA,ESTADO DE MEXICO,ALMOLOYA DE ALQUISIRAS,339,ATENCAHUITES,GUERRERO,TETIPAC,ATENCAHUITES,NO,SI,NO,NO,SI,0,0
METROPOLITANA,ESTADO DE MEXICO,ALMOLOYA DE ALQUISIRAS,341,PALAFOX,GUERRERO,TETIPAC,PALAFOX,NO,SI,NO,NO,SI,0,0
METROPOLITANA,ESTADO DE MEXICO,ALMOLOYA DE ALQUISIRAS,237,ALMOLOYA DE ALQUISIRAS,MEXICO,ALMOLOYA DE ALQUISIRAS,ALMOLOYA DE ALQUISIRAS,NO,SI,NO,NO,SI,18.866925,-99.89131833
METROPOLITANA,ESTADO DE MEXICO,ALMOLOYA DE ALQUISIRAS,321,AHUACATITLAN,MEXICO,ALMOLOYA DE ALQUISIRAS,AHUACATITLAN (AGUACATITLAN),NO,SI,NO,NO,SI,18.87901833,-99.91498167
METROPOLITANA,ESTADO DE MEXICO,ALMOLOYA DE ALQUISIRAS,318,AGUA FRIA,MEXICO,ALMOLOYA DE ALQUISIRAS,AGUA FRIA,NO,SI,NO,NO,SI,18.869945,-99.87529833
METROPOLITANA,ESTADO DE MEXICO,ALMOLOYA DE ALQUISIRAS,288,AQUIAPAN,MEXICO,ALMOLOYA DE ALQUISIRAS,AQUIAPAN,NO,SI,NO,NO,SI,18.743035,-99.85083333
METROPOLITANA,ESTADO DE MEXICO,ALMOLOYA DE ALQUISIRAS,246,BUENOS AIRES,MEXICO,ALMOLOYA DE ALQUISIRAS,BUENOS AIRES,NO,SI,NO,NO,SI,18.85673,-99.844905
METROPOLITANA,ESTADO DE MEXICO,ALMOLOYA DE ALQUISIRAS,221,CUAHUTENCO,MEXICO,ALMOLOYA DE ALQUISIRAS,CUAUHTENCO,NO,SI,NO,NO,SI,18.85348333,-99.88498833
METROPOLITANA,ESTADO DE MEXICO,ALMOLOYA DE ALQUISIRAS,317,JALTEPEC DE ARRIBA,MEXICO,ALMOLOYA DE ALQUISIRAS,JALTEPEC DE ARRIBA,NO,SI,NO,NO,SI,18.871765,-99.89336333
METROPOLITANA,ESTADO DE MEXICO,ALMOLOYA DE ALQUISIRAS,10,PACHUQUILLA,MEXICO,ALMOLOYA DE ALQUISIRAS,SAN ANTONIO PACHUQUILLA,NO,SI,NO,NO,SI,18.883705,-99.839
METROPOLITANA,ESTADO DE MEXICO,ALMOLOYA DE ALQUISIRAS,247,RANCHO DE LOS PEREZ,MEXICO,ALMOLOYA DE ALQUISIRAS,RANCHO DE LOS PEREZ,NO,SI,NO,NO,SI,18.75550167,-99.848145
METROPOLITANA,ESTADO DE MEXICO,ALMOLOYA DE ALQUISIRAS,65,PLAN DE VIGAS,MEXICO,ALMOLOYA DE ALQUISIRAS,PLAN DE VIGAS,NO,SI,NO,SI,SI,18.80428333,-99.881635
METROPOLITANA,ESTADO DE MEXICO,ALMOLOYA DE ALQUISIRAS,305,QUINTA MANZANA,MEXICO,ALMOLOYA DE ALQUISIRAS,QUINTA MANZANA,NO,SI,NO,NO,SI,18.88342833,-99.91046333
METROPOLITANA,ESTADO DE MEXICO,ALMOLOYA DE ALQUISIRAS,293,SAN ANDRES TEPETITLAN,MEXICO,ALMOLOYA DE ALQUISIRAS,SAN ANDRES TEPETITLAN,NO,SI,NO,NO,SI,18.89777333,-99.91671667
METROPOLITANA,ESTADO DE MEXICO,ALMOLOYA DE ALQUISIRAS,52,SEXTA MANZANA,MEXICO,ALMOLOYA DE ALQUISIRAS,SEXTA MANZANA,NO,SI,NO,NO,SI,18.81943667,-99.90966
METROPOLITANA,ESTADO DE MEXICO,ALMOLOYA DE ALQUISIRAS,27,SAN JOSE TIZATES,MEXICO,ALMOLOYA DE ALQUISIRAS,SAN JOSE TIZATES (TIZATES),NO,SI,NO,NO,SI,18.8382,-99.81128333
METROPOLITANA,ESTADO DE MEXICO,ALMOLOYA DE ALQUISIRAS,228,LA UNION RIVA PALACIO,MEXICO,ALMOLOYA DE ALQUISIRAS,LA UNION RIVA PALACIO,NO,SI,NO,NO,SI,18.82716,-99.81761333
METROPOLITANA,ESTADO DE MEXICO,ALMOLOYA DE ALQUISIRAS,121,CUARTA MANZANA,MEXICO,ALMOLOYA DE ALQUISIRAS,CUARTA MANZANA,NO,SI,NO,NO,SI,18.85911,-99.89508
METROPOLITANA,ESTADO DE MEXICO,ALMOLOYA DE ALQUISIRAS,330,CERRO DE TLAPEXCO SEGUNDA MANZANA,MEXICO,ALMOLOYA DE ALQUISIRAS,CERRO DE TLAPEXCO (SEGUNDA MANZANA),NO,SI,NO,NO,SI,18.86366167,-99.89814167
METROPOLITANA,ESTADO DE MEXICO,ALMOLOYA DE ALQUISIRAS,112,LOS PINOS,MEXICO,ALMOLOYA DE ALQUISIRAS,LOS PINOS,NO,SI,NO,NO,SI,18.81861667,-99.89934333
METROPOLITANA,ESTADO DE MEXICO,ALMOLOYA DE ALQUISIRAS,227,COATEPEC HARINAS,MEXICO,COATEPEC HARINAS,COATEPEC HARINAS,NO,SI,NO,NO,SI,18.92624833,-99.772425
METROPOLITANA,ESTADO DE MEXICO,ALMOLOYA DE ALQUISIRAS,248,ACUITLAPILCO,MEXICO,COATEPEC HARINAS,ACUITLAPILCO,NO,SI,NO,NO,SI,18.907475,-99.78525667
METROPOLITANA,ESTADO DE MEXICO,ALMOLOYA DE ALQUISIRAS,283,AGUA AMARGA,MEXICO,COATEPEC HARINAS,AGUA AMARGA,NO,SI,NO,NO,SI,18.963765,-99.75159667
METROPOLITANA,ESTADO DE MEXICO,ALMOLOYA DE ALQUISIRAS,264,AGUA BENDITA,MEXICO,COATEPEC HARINAS,AGUA BENDITA,NO,SI,NO,NO,SI,19.00390833,-99.839725
METROPOLITANA,ESTADO DE MEXICO,ALMOLOYA DE ALQUISIRAS,287,AGUA BENDITA II,MEXICO,COATEPEC HARINAS,AGUA BENDITA,NO,SI,NO,NO,SI,18.98528,-99.85354667
METROPOLITANA,ESTADO DE MEXICO,ALMOLOYA DE ALQUISIRAS,282,CRUZ DE PIEDRA,MEXICO,COATEPEC HARINAS,CRUZ DE PIEDRA,NO,SI,NO,NO,SI,18.93951333,-99.81349333
METROPOLITANA,ESTADO DE MEXICO,ALMOLOYA DE ALQUISIRAS,259,CHILTEPEC DE HIDALGO,MEXICO,COATEPEC HARINAS,CHILTEPEC DE HIDALGO,NO,SI,NO,NO,SI,18.91263167,-99.83447333
METROPOLITANA,ESTADO DE MEXICO,ALMOLOYA DE ALQUISIRAS,314,IXTLAHUACA DE VILLADA,MEXICO,COATEPEC HARINAS,IXTLAHUACA DE VILLADA,NO,SI,NO,NO,SI,18.917425,-99.80791833
METROPOLITANA,ESTADO DE MEXICO,ALMOLOYA DE ALQUISIRAS,250,LOMA DE ACUITLAPILCO,MEXICO,COATEPEC HARINAS,LOMA DE ACUITLAPILCO,NO,SI,NO,NO,SI,18.93442833,-99.783755
METROPOLITANA,ESTADO DE MEXICO,ALMOLOYA DE ALQUISIRAS,50,LLANO GRANDE I,MEXICO,COATEPEC HARINAS,LLANO GRANDE,NO,SI,NO,NO,SI,18.82478167,-99.766525
METROPOLITANA,ESTADO DE MEXICO,ALMOLOYA DE ALQUISIRAS,69,MEYUCA DE MORELOS,MEXICO,COATEPEC HARINAS,MEYUCA DE MORELOS (MEYUCA),NO,SI,NO,NO,SI,18.85155667,-99.78154667
METROPOLITANA,ESTADO DE MEXICO,ALMOLOYA DE ALQUISIRAS,336,PLAN DE SAN FRANCISCO,MEXICO,COATEPEC HARINAS,PLAN DE SAN FRANCISCO,NO,SI,NO,NO,SI,18.80046,-99.718865
METROPOLITANA,ESTADO DE MEXICO,ALMOLOYA DE ALQUISIRAS,256,POTRERO REDONDO,MEXICO,COATEPEC HARINAS,POTRERO REDONDO,NO,SI,NO,NO,SI,19.021095,-99.81498833
METROPOLITANA,ESTADO DE MEXICO,ALMOLOYA DE ALQUISIRAS,238,PUERTA DEL CARMEN,MEXICO,COATEPEC HARINAS,PUERTA DEL CARMEN,NO,SI,NO,NO,SI,18.836355,-99.77305833
METROPOLITANA,ESTADO DE MEXICO,ALMOLOYA DE ALQUISIRAS,323,SEGUNDA DEL MONTE,MEXICO,COATEPEC HARINAS,SEGUNDA DEL MONTE (LA PRESA),NO,SI,NO,NO,SI,18.95646,-99.77688167
METROPOLITANA,ESTADO DE MEXICO,ALMOLOYA DE ALQUISIRAS,271,SAN JOSE DEL PROGRESO,MEXICO,COATEPEC HARINAS,SAN JOSE DEL PROGRESO (SAN JOSE),NO,SI,NO,NO,SI,18.93799667,-99.79624
METROPOLITANA,ESTADO DE MEXICO,ALMOLOYA DE ALQUISIRAS,171,SAN LUIS (COL. HIDALGO),MEXICO,COATEPEC HARINAS,SAN LUIS (COLONIA HIDALGO),NO,SI,NO,NO,SI,18.88584833,-99.76063667
METROPOLITANA,ESTADO DE MEXICO,ALMOLOYA DE ALQUISIRAS,301,TECOLOTEPEC,MEXICO,COATEPEC HARINAS,TECOLOTEPEC,NO,SI,NO,NO,SI,18.98313833,-99.80149833
METROPOLITANA,ESTADO DE MEXICO,ALMOLOYA DE ALQUISIRAS,306,EL TELAR II LOMA DE PACHUCA,MEXICO,COATEPEC HARINAS,EL TELAR,NO,SI,NO,NO,SI,18.97992167,-99.824405
METROPOLITANA,ESTADO DE MEXICO,ALMOLOYA DE ALQUISIRAS,59,EL TELAR,MEXICO,COATEPEC HARINAS,EL TELAR,NO,SI,NO,NO,SI,18.99624,-99.82656833
METROPOLITANA,ESTADO DE MEXICO,ALMOLOYA DE ALQUISIRAS,153,LAS VUELTAS,MEXICO,COATEPEC HARINAS,LAS VUELTAS,NO,SI,NO,NO,SI,18.90358167,-99.85562333
METROPOLITANA,ESTADO DE MEXICO,ALMOLOYA DE ALQUISIRAS,329,EL POTRERITO,MEXICO,COATEPEC HARINAS,EL POTRERITO (EL POTRERO),NO,SI,NO,NO,SI,18.97096833,-99.76991333
METROPOLITANA,ESTADO DE MEXICO,ALMOLOYA DE ALQUISIRAS,177,EL PICACHO,MEXICO,COATEPEC HARINAS,EL PICACHO,NO,SI,NO,NO,SI,18.97225833,-99.85887833
METROPOLITANA,ESTADO DE MEXICO,ALMOLOYA DE ALQUISIRAS,262,COLONIA GUADALUPE,MEXICO,COATEPEC HARINAS,COLONIA GUADALUPE,NO,SI,NO,NO,SI,18.90442,-99.76963167
METROPOLITANA,ESTADO DE MEXICO,ALMOLOYA DE ALQUISIRAS,333,PRIMERA DE ANALCO,MEXICO,COATEPEC HARINAS,PRIMERA DE ANALCO,NO,SI,NO,NO,SI,18.90660833,-99.77483
METROPOLITANA,ESTADO DE MEXICO,ALMOLOYA DE ALQUISIRAS,281,CUENTLA,MEXICO,COATEPEC HARINAS,CUENTLA,NO,SI,NO,NO,SI,18.91638833,-99.74570833
METROPOLITANA,ESTADO DE MEXICO,ALMOLOYA DE ALQUISIRAS,340,PIEDRAS ANCHAS (PRIMERA DEL MONTE),MEXICO,COATEPEC HARINAS,PIEDRAS ANCHAS (PRIMERA DEL MONTE),NO,SI,NO,NO,SI,0,0
METROPOLITANA,ESTADO DE MEXICO,ALMOLOYA DE ALQUISIRAS,331,PRIMERA DE ZACANGUILLO,MEXICO,COATEPEC HARINAS,PRIMERA DE ZACANGUILLO (SANTO NIÑO DOCTOR),NO,SI,NO,NO,SI,18.92452333,-99.76251
METROPOLITANA,ESTADO DE MEXICO,ALMOLOYA DE ALQUISIRAS,292,ZACATONES,MEXICO,COATEPEC HARINAS,ZACATONES (SAN FELIPE DE JESUS),NO,SI,NO,NO,SI,18.96931167,-99.78186667
METROPOLITANA,ESTADO DE MEXICO,ALMOLOYA DE ALQUISIRAS,240,LAS JARAS,MEXICO,COATEPEC HARINAS,LAS JARAS,NO,SI,NO,NO,SI,19.04876,-99.80103667
METROPOLITANA,ESTADO DE MEXICO,ALMOLOYA DE ALQUISIRAS,232,LA IXTAPITA,MEXICO,IXTAPAN DE LA SAL,IXTAPAN DE LA SAL,NO,SI,NO,NO,SI,18.83879833,-99.67785
METROPOLITANA,ESTADO DE MEXICO,ALMOLOYA DE ALQUISIRAS,343,AHUACATITLAN,MEXICO,IXTAPAN DE LA SAL,AHUACATITLAN,NO,SI,NO,NO,SI,0,0
METROPOLITANA,ESTADO DE MEXICO,ALMOLOYA DE ALQUISIRAS,257,COAXUXCO,MEXICO,IXTAPAN DE LA SAL,COAXUSCO,NO,SI,NO,NO,SI,18.78703,-99.70120167
METROPOLITANA,ESTADO DE MEXICO,ALMOLOYA DE ALQUISIRAS,334,LLANO DE LA UNION,MEXICO,IXTAPAN DE LA SAL,LLANO DE LA UNION,NO,SI,NO,NO,SI,18.86408,-99.63545833
METROPOLITANA,ESTADO DE MEXICO,ALMOLOYA DE ALQUISIRAS,337,MALINALTENANGO (MANILA),MEXICO,IXTAPAN DE LA SAL,MALINALTENANGO (MANILA),NO,SI,NO,NO,SI,18.90335833,-99.72583333
METROPOLITANA,ESTADO DE MEXICO,ALMOLOYA DE ALQUISIRAS,79,MESON NUEVO,MEXICO,IXTAPAN DE LA SAL,MESON NUEVO,NO,SI,NO,NO,SI,18.80884667,-99.71624667
METROPOLITANA,ESTADO DE MEXICO,ALMOLOYA DE ALQUISIRAS,328,LOS NARANJOS,MEXICO,IXTAPAN DE LA SAL,LOS NARANJOS,NO,SI,NO,NO,SI,18.87758167,-99.67345
METROPOLITANA,ESTADO DE MEXICO,ALMOLOYA DE ALQUISIRAS,344,PLAN DE SAN MIGUEL,MEXICO,IXTAPAN DE LA SAL,PLAN DE SAN MIGUEL,NO,SI,NO,NO,SI,0,0
METROPOLITANA,ESTADO DE MEXICO,ALMOLOYA DE ALQUISIRAS,245,PUERTA GRANDE,MEXICO,IXTAPAN DE LA SAL,PUERTA GRANDE (PUERTA DE LOS FRESNOS),NO,SI,NO,NO,SI,18.83528333,-99.74424667
METROPOLITANA,ESTADO DE MEXICO,ALMOLOYA DE ALQUISIRAS,42,SAN ALEJO,MEXICO,IXTAPAN DE LA SAL,SAN ALEJO,NO,SI,NO,NO,SI,18.83824167,-99.72886
METROPOLITANA,ESTADO DE MEXICO,ALMOLOYA DE ALQUISIRAS,158,SAN DIEGO ALCALA,MEXICO,IXTAPAN DE LA SAL,SAN DIEGO ALCALA (SAN DIEGO),NO,SI,NO,NO,SI,18.86222,-99.65525833
METROPOLITANA,ESTADO DE MEXICO,ALMOLOYA DE ALQUISIRAS,297,SAN JOSE DEL ARENAL,MEXICO,IXTAPAN DE LA SAL,SAN JOSE DEL ARENAL (EL ARENAL),NO,SI,NO,NO,SI,18.86261833,-99.71123
METROPOLITANA,ESTADO DE MEXICO,ALMOLOYA DE ALQUISIRAS,28,SAN MIGUEL LADERAS,MEXICO,IXTAPAN DE LA SAL,SAN MIGUEL LADERAS (SAN MIGUEL),NO,SI,NO,NO,SI,18.88133167,-99.69617167
METROPOLITANA,ESTADO DE MEXICO,ALMOLOYA DE ALQUISIRAS,213,TECOMATEPEC,MEXICO,IXTAPAN DE LA SAL,TECOMATEPEC (SAN PEDRO TECOMATEPEC),NO,SI,NO,NO,SI,18.83932833,-99.70399667
METROPOLITANA,ESTADO DE MEXICO,ALMOLOYA DE ALQUISIRAS,327,EL ARENAL DE LAS OLLAS,MEXICO,IXTAPAN DE LA SAL,EL ARENAL DE LAS OLLAS,NO,SI,NO,NO,SI,18.84942833,-99.69651667
METROPOLITANA,ESTADO DE MEXICO,ALMOLOYA DE ALQUISIRAS,338,COLONIA LA JOYA 3 DE MAYO LINDAVISTA,MEXICO,IXTAPAN DE LA SAL,COLONIA LA JOYA 3 DE MAYO LINDAVISTA,NO,SI,NO,NO,SI,0,0
METROPOLITANA,ESTADO DE MEXICO,ALMOLOYA DE ALQUISIRAS,235,BARRIO SAN MIGUEL,MEXICO,SULTEPEC,SULTEPEC DE PEDRO ASCENCIO DE ALQUISIRAS,NO,SI,NO,SI,SI,18.857305,-99.9719
METROPOLITANA,ESTADO DE MEXICO,ALMOLOYA DE ALQUISIRAS,3,ATZUMPA,MEXICO,SULTEPEC,ATZUMPA,NO,SI,NO,SI,SI,18.766155,-99.939155
METROPOLITANA,ESTADO DE MEXICO,ALMOLOYA DE ALQUISIRAS,335,EL CALVARITO,MEXICO,SULTEPEC,EL CALVARITO,NO,SI,NO,NO,SI,18.73623667,-99.89603167
METROPOLITANA,ESTADO DE MEXICO,ALMOLOYA DE ALQUISIRAS,265,LA CIENEGA,MEXICO,SULTEPEC,LA CIENEGA,SI,SI,NO,SI,SI,18.83579,-99.95346333
METROPOLITANA,ESTADO DE MEXICO,ALMOLOYA DE ALQUISIRAS,319,COQUILLO,MEXICO,SULTEPEC,COQUILLO,NO,SI,NO,NO,SI,18.70163333,-99.96851833
NOROESTE,SONORA,OVIEDO MOTA,658,TIENDA COMUNITARIA,BAJA CALIFORNIA,ENSENADA,FRANCISCO ZARCO (VALLE DE GUADALUPE),NO,SI,SI,SI,SI,32.09926333,-116.5802833
NOROESTE,SONORA,OVIEDO MOTA,587,TIENDA COMUNITARIA,BAJA CALIFORNIA,ENSENADA,HEROES DE LA INDEPENDENCIA (LLANO COLORADO),NO,SI,SI,SI,SI,31.61419333,-115.892155
NOROESTE,SONORA,OVIEDO MOTA,588,TIENDA COMUNITARIA,BAJA CALIFORNIA,ENSENADA,LEYES DE REFORMA (EL RODEO),NO,SI,SI,SI,SI,31.910795,-116.2723933
NOROESTE,SONORA,OVIEDO MOTA,644,TIENDA COMUNITARIA,BAJA CALIFORNIA,ENSENADA,VALLE DE LA TRINIDAD,NO,SI,SI,SI,SI,31.40478167,-115.7348183
NOROESTE,SONORA,OVIEDO MOTA,606,TIENDA COMUNITARIA,BAJA CALIFORNIA,ENSENADA,SAN ANTONIO NECUA (CAÑADA DE LOS ENCINOS),NO,SI,SI,SI,SI,32.10268,-116.4971767
NOROESTE,SONORA,OVIEDO MOTA,583,TIENDA COMUNITARIA,BAJA CALIFORNIA,MEXICALI,MEXICALI,NO,SI,SI,SI,SI,32.62768167,-115.4714383
NOROESTE,SONORA,OVIEDO MOTA,584,TIENDA COMUNITARIA,BAJA CALIFORNIA,MEXICALI,MEXICALI,NO,SI,SI,NO,SI,32.57727333,-115.4017283
NOROESTE,SONORA,OVIEDO MOTA,540,TIENDA COMUNITARIA,BAJA CALIFORNIA,MEXICALI,MEXICALI,NO,SI,SI,NO,SI,32.60108333,-115.3743383
NOROESTE,SONORA,OVIEDO MOTA,597,TIENDA COMUNITARIA,BAJA CALIFORNIA,MEXICALI,MEXICALI,NO,SI,SI,SI,SI,32.62956667,-115.5621883
NOROESTE,SONORA,OVIEDO MOTA,624,TIENDA COMUNITARIA,BAJA CALIFORNIA,MEXICALI,MEXICALI,NO,SI,SI,NO,SI,32.57210833,-115.4064333
NOROESTE,SONORA,OVIEDO MOTA,653,TIENDA COMUNITARIA,BAJA CALIFORNIA,MEXICALI,COLONIA VENUSTIANO CARRANZA (LA CARRANZA),NO,SI,SI,SI,SI,32.228595,-115.159095
NOROESTE,SONORA,OVIEDO MOTA,627,VICENTE GUERRERO (ALGODONES),BAJA CALIFORNIA,MEXICALI,VICENTE GUERRERO (ALGODONES),NO,SI,SI,SI,SI,0,0
NOROESTE,SONORA,OVIEDO MOTA,630,TIENDA COMUNITARIA,BAJA CALIFORNIA,MEXICALI,EJIDO TABASCO,NO,SI,SI,NO,SI,32.56099833,-114.9348333
NOROESTE,SONORA,OVIEDO MOTA,620,TIENDA COMUNITARIA,BAJA CALIFORNIA,MEXICALI,EJIDO COLIMA 1,NO,SI,SI,NO,SI,32.46952833,-114.97874
NOROESTE,SONORA,OVIEDO MOTA,594,TIENDA COMUNITARIA,BAJA CALIFORNIA,MEXICALI,EJIDO COLIMA 1,NO,SI,SI,NO,SI,32.48259333,-115.0034983
NOROESTE,SONORA,OVIEDO MOTA,248,TIENDA COMUNITARIA,BAJA CALIFORNIA,MEXICALI,EJIDO CHIAPAS 1,NO,SI,SI,NO,SI,32.49954,-114.9625
NOROESTE,SONORA,OVIEDO MOTA,396,TIENDA COMUNITARIA,BAJA CALIFORNIA,MEXICALI,DELTA (ESTACION DELTA),NO,SI,SI,NO,SI,32.352915,-115.1776483
NOROESTE,SONORA,OVIEDO MOTA,529,TIENDA COMUNITARIA,BAJA CALIFORNIA,MEXICALI,DELTA (ESTACION DELTA),NO,SI,SI,NO,SI,32.51348667,-114.92645
NOROESTE,SONORA,OVIEDO MOTA,651,TIENDA COMUNITARIA,BAJA CALIFORNIA,MEXICALI,EJIDO MONTERREY (COLONIA BATAQUEZ),NO,SI,SI,SI,SI,32.55182167,-115.07119
NOROESTE,SONORA,OVIEDO MOTA,40,TIENDA COMUNITARIA,BAJA CALIFORNIA,MEXICALI,VERACRUZ UNO,NO,SI,SI,NO,SI,32.42288833,-115.0992533
NOROESTE,SONORA,OVIEDO MOTA,652,TIENDA COMUNITARIA,BAJA CALIFORNIA,MEXICALI,EJIDO DURANGO,NO,SI,SI,NO,SI,32.24706167,-115.2496817
NOROESTE,SONORA,OVIEDO MOTA,568,TIENDA COMUNITARIA,BAJA CALIFORNIA,MEXICALI,CIUDAD GUADALUPE VICTORIA (KILOMETRO CUARENTA Y TRES),NO,SI,SI,NO,SI,32.28411667,-115.0945683
NOROESTE,SONORA,OVIEDO MOTA,636,TIENDA COMUNITARIA,BAJA CALIFORNIA,MEXICALI,CIUDAD GUADALUPE VICTORIA (KILOMETRO CUARENTA Y TRES),NO,SI,SI,NO,SI,32.29833667,-115.1017033
NOROESTE,SONORA,OVIEDO MOTA,527,TIENDA COMUNITARIA,BAJA CALIFORNIA,MEXICALI,EJIDO GUANAJUATO,NO,SI,SI,NO,SI,32.51932,-115.33292
NOROESTE,SONORA,OVIEDO MOTA,437,TIENDA COMUNITARIA,BAJA CALIFORNIA,MEXICALI,EJIDO HERMOSILLO,NO,SI,SI,SI,SI,32.513115,-114.918565
NOROESTE,SONORA,OVIEDO MOTA,643,EJIDO MIGUEL HIDALGO,BAJA CALIFORNIA,MEXICALI,EJIDO MIGUEL HIDALGO,NO,SI,SI,NO,SI,0,0
NOROESTE,SONORA,OVIEDO MOTA,589,TIENDA COMUNITARIA,BAJA CALIFORNIA,MEXICALI,ISLAS AGRARIAS GRUPO B,NO,SI,SI,NO,SI,32.56238167,-115.341225
NOROESTE,SONORA,OVIEDO MOTA,626,TIENDA COMUNITARIA,BAJA CALIFORNIA,MEXICALI,EJIDO JALISCO,NO,SI,SI,NO,SI,32.52161667,-115.2365383
NOROESTE,SONORA,OVIEDO MOTA,631,TIENDA COMUNITARIA,BAJA CALIFORNIA,MEXICALI,EJIDO JIQUILPAN,NO,SI,SI,NO,SI,32.50402333,-115.06528
NOROESTE,SONORA,OVIEDO MOTA,650,TIENDA COMUNITARIA,BAJA CALIFORNIA,MEXICALI,EJIDO LAZARO CARDENAS (LA MOSCA),NO,SI,SI,NO,SI,32.60685167,-115.0175583
NOROESTE,SONORA,OVIEDO MOTA,113,TIENDA COMUNITARIA,BAJA CALIFORNIA,MEXICALI,POBLADO LAZARO CARDENAS (LA VEINTIOCHO),NO,SI,SI,NO,SI,32.36777833,-115.06264
NOROESTE,SONORA,OVIEDO MOTA,585,TIENDA COMUNITARIA,BAJA CALIFORNIA,MEXICALI,MICHOACAN DE OCAMPO,NO,SI,SI,NO,SI,32.46968667,-115.309535
NOROESTE,SONORA,OVIEDO MOTA,654,TIENDA COMUNITARIA,BAJA CALIFORNIA,MEXICALI,ISLAS AGRARIAS GRUPO A,NO,SI,SI,NO,SI,32.60956333,-115.3278783
NOROESTE,SONORA,OVIEDO MOTA,570,TIENDA COMUNITARIA,BAJA CALIFORNIA,MEXICALI,CIUDAD MORELOS (CUERVOS),NO,SI,SI,SI,SI,32.67917,-114.7537067
NOROESTE,SONORA,OVIEDO MOTA,460,TIENDA COMUNITARIA,BAJA CALIFORNIA,MEXICALI,NUEVO LEON,NO,SI,SI,NO,SI,32.41402167,-115.1878867
NOROESTE,SONORA,OVIEDO MOTA,498,TIENDA COMUNITARIA,BAJA CALIFORNIA,MEXICALI,NUEVO LEON,NO,SI,SI,NO,SI,32.41841,-115.1856483
NOROESTE,SONORA,OVIEDO MOTA,467,TIENDA COMUNITARIA,BAJA CALIFORNIA,MEXICALI,EJIDO YUCATAN,NO,SI,SI,NO,SI,32.47226,-115.0673083
NOROESTE,SONORA,OVIEDO MOTA,218,TIENDA COMUNITARIA,BAJA CALIFORNIA,MEXICALI,EJIDO PATZCUARO,NO,SI,SI,SI,SI,32.35093,-115.0686583
NOROESTE,SONORA,OVIEDO MOTA,599,TIENDA COMUNITARIA,BAJA CALIFORNIA,MEXICALI,EJIDO TOLUCA,NO,SI,SI,NO,SI,32.20368667,-115.0072
NOROESTE,SONORA,OVIEDO MOTA,289,TIENDA COMUNITARIA,BAJA CALIFORNIA,MEXICALI,ESTACION PESCADEROS (KILOMETRO TREINTA Y NUEVE),NO,SI,SI,NO,SI,32.31335833,-115.1381867
NOROESTE,SONORA,OVIEDO MOTA,237,TIENDA COMUNITARIA,BAJA CALIFORNIA,MEXICALI,EJIDO PLAN DE AYALA,NO,SI,SI,NO,SI,32.220015,-115.0313
NOROESTE,SONORA,OVIEDO MOTA,581,TIENDA COMUNITARIA,BAJA CALIFORNIA,MEXICALI,COLONIA POLVORA,NO,SI,SI,NO,SI,32.547925,-115.188965
NOROESTE,SONORA,OVIEDO MOTA,655,TIENDA COMUNITARIA,BAJA CALIFORNIA,MEXICALI,PUEBLA,NO,NO,SI,SI,SI,32.23770167,-115.153515
NOROESTE,SONORA,OVIEDO MOTA,639,PUEBLA,BAJA CALIFORNIA,MEXICALI,PUEBLA,NO,SI,SI,NO,SI,0,0
NOROESTE,SONORA,OVIEDO MOTA,635,TIENDA COMUNITARIA,BAJA CALIFORNIA,MEXICALI,PUEBLA,NO,SI,SI,SI,SI,32.57249333,-115.3713467
NOROESTE,SONORA,OVIEDO MOTA,247,TIENDA COMUNITARIA,BAJA CALIFORNIA,MEXICALI,POBLADO PUENTE TREVIÑO,NO,SI,SI,NO,SI,32.59486333,-114.983985
NOROESTE,SONORA,OVIEDO MOTA,466,TIENDA COMUNITARIA,BAJA CALIFORNIA,MEXICALI,COLONIA LA PUERTA,NO,SI,SI,NO,SI,32.34226333,-115.3264967
NOROESTE,SONORA,OVIEDO MOTA,648,TIENDA COMUNITARIA,BAJA CALIFORNIA,MEXICALI,EJIDO HECHICERA,NO,SI,SI,SI,SI,32.55008167,-115.1530133
NOROESTE,SONORA,OVIEDO MOTA,528,TIENDA COMUNITARIA,BAJA CALIFORNIA,MEXICALI,EJIDO HECHICERA,NO,SI,SI,NO,SI,32.54739,-115.1467317
NOROESTE,SONORA,OVIEDO MOTA,55,TIENDA COMUNITARIA,BAJA CALIFORNIA,MEXICALI,EJIDO QUINTANA ROO,NO,SI,SI,SI,SI,32.46783,-115.071485
NOROESTE,SONORA,OVIEDO MOTA,615,TIENDA COMUNITARIA,BAJA CALIFORNIA,MEXICALI,VERACRUZ MARITIMO,NO,SI,SI,NO,SI,32.39804833,-115.0746933
NORTE,MONTERREY,CADEREYTA,261,LOS SABINOS III,NUEVO LEON,ALLENDE,LOS SABINOS (SABINOS DE ABAJO),NO,SI,NO,NO,SI,25.32203167,-99.98803
NORTE,MONTERREY,CADEREYTA,53,CONG. AGUA FRIA,NUEVO LEON,APODACA,AGUA FRIA,NO,SI,SI,NO,SI,25.812875,-100.1340317
NORTE,MONTERREY,CADEREYTA,257,COL. LAZARO CARDENAS 2?ECTOR,NUEVO LEON,CADEREYTA JIMENEZ,CADEREYTA JIMENEZ,NO,SI,NO,NO,SI,25.58430333,-99.98052167
NORTE,MONTERREY,CADEREYTA,229,COL.LA PLAYA,NUEVO LEON,CADEREYTA JIMENEZ,CADEREYTA JIMENEZ,NO,SI,NO,NO,SI,25.58642,-100.0112067
NORTE,MONTERREY,CADEREYTA,256,COL. NVA.CADEREYTA,NUEVO LEON,CADEREYTA JIMENEZ,CADEREYTA JIMENEZ,NO,SI,NO,NO,SI,25.60123167,-99.99354667
NORTE,MONTERREY,CADEREYTA,276,COL.CARLOS SALINAS DE GORTARY,NUEVO LEON,CADEREYTA JIMENEZ,CADEREYTA JIMENEZ,SI,SI,NO,NO,SI,25.56203667,-99.98006667
NORTE,MONTERREY,CADEREYTA,126,EJ. LA CONCEPCION,NUEVO LEON,CADEREYTA JIMENEZ,CADEREYTA JIMENEZ,NO,SI,NO,NO,SI,25.49220333,-99.766025
NORTE,MONTERREY,CADEREYTA,167,COL. LAZARO CARDENAS II,NUEVO LEON,CADEREYTA JIMENEZ,CADEREYTA JIMENEZ,NO,SI,NO,NO,SI,25.60033,-99.98065667
NORTE,MONTERREY,CADEREYTA,175,COL. GARZA CANTU,NUEVO LEON,CADEREYTA JIMENEZ,CADEREYTA JIMENEZ,NO,SI,NO,NO,SI,25.58485667,-100.0062567
NORTE,MONTERREY,CADEREYTA,114,EJ. CASAS VIEJAS,NUEVO LEON,CADEREYTA JIMENEZ,CASAS VIEJAS (LA FLORIDA),NO,SI,NO,NO,SI,25.46816333,-99.92595167
NORTE,MONTERREY,CADEREYTA,108,EJ. EL CASTILLO,NUEVO LEON,CADEREYTA JIMENEZ,EL CASTILLO,NO,SI,NO,NO,SI,25.52033,-100.0170483
NORTE,MONTERREY,CADEREYTA,112,HDA. LOS CERRITOS,NUEVO LEON,CADEREYTA JIMENEZ,LOS CERRITOS,NO,SI,NO,NO,SI,25.41995,-99.95836333
NORTE,MONTERREY,CADEREYTA,210,HDA. DOLORES,NUEVO LEON,CADEREYTA JIMENEZ,DOLORES,NO,SI,NO,NO,SI,25.52922167,-99.78649833
NORTE,MONTERREY,CADEREYTA,133,EJ. LA ESPERANZA,NUEVO LEON,CADEREYTA JIMENEZ,LA ESPERANZA,NO,SI,NO,NO,SI,25.449605,-99.94097833
NORTE,MONTERREY,CADEREYTA,17,EJ. LA HACIENDITA,NUEVO LEON,CADEREYTA JIMENEZ,LA HACIENDITA,NO,SI,NO,NO,SI,25.51929167,-99.76822667
NORTE,MONTERREY,CADEREYTA,199,HDA.LAS PALMAS,NUEVO LEON,CADEREYTA JIMENEZ,LAS PALMAS,NO,SI,NO,NO,SI,25.42656833,-99.876945
NORTE,MONTERREY,CADEREYTA,215,EJ. PALMITOS II,NUEVO LEON,CADEREYTA JIMENEZ,PALMITOS,NO,SI,NO,NO,SI,25.46318333,-99.96779
NORTE,MONTERREY,CADEREYTA,12,HDA. PALMITOS,NUEVO LEON,CADEREYTA JIMENEZ,PALMITOS (HACIENDA PALMITOS),NO,SI,NO,NO,SI,25.45395833,-99.991395
NORTE,MONTERREY,CADEREYTA,136,EJ. RANCHO VIEJO,NUEVO LEON,CADEREYTA JIMENEZ,RANCHO VIEJO,NO,SI,NO,NO,SI,25.54032167,-99.82736
NORTE,MONTERREY,CADEREYTA,80,HDA. EL REFUGIO,NUEVO LEON,CADEREYTA JIMENEZ,EL REFUGIO,NO,SI,NO,NO,SI,25.4615,-100.0164067
NORTE,MONTERREY,CADEREYTA,222,HACIENDA SAN BARTOLO,NUEVO LEON,CADEREYTA JIMENEZ,SAN BARTOLO,NO,SI,NO,NO,SI,25.53728167,-99.98843333
NORTE,MONTERREY,CADEREYTA,212,EJ. SAN DIEGO I,NUEVO LEON,CADEREYTA JIMENEZ,SAN DIEGO,NO,SI,NO,NO,SI,25.58152833,-99.78301667
NORTE,MONTERREY,CADEREYTA,275,EL CALVARIO,NUEVO LEON,CADEREYTA JIMENEZ,SAN JUAN (EL CALVARIO),NO,SI,NO,NO,SI,25.55749333,-99.83921833
NORTE,MONTERREY,CADEREYTA,262,EJ.SAN LORENZO,NUEVO LEON,CADEREYTA JIMENEZ,SAN LORENZO,NO,SI,NO,NO,SI,25.49940333,-99.97260833
NORTE,MONTERREY,CADEREYTA,96,BARRANCO BLANCO,NUEVO LEON,CADEREYTA JIMENEZ,SAN MIGUEL (EL BARRANCO BLANCO),SI,SI,NO,NO,SI,25.39194667,-99.93289333
NORTE,MONTERREY,CADEREYTA,142,EJ. SAN MIGUELITO,NUEVO LEON,CADEREYTA JIMENEZ,SAN MIGUELITO,NO,SI,NO,NO,SI,25.51551333,-99.93920833
NORTE,MONTERREY,CADEREYTA,122,HDA. SANTA FE,NUEVO LEON,CADEREYTA JIMENEZ,SANTA FE,NO,SI,NO,NO,SI,25.69869833,-99.62149
NORTE CENTRO,CHIHUAHUA,BAHUICHIVO,124,SAN LUIS DE MAJIMACHI.,CHIHUAHUA,BOCOYNA,SAN LUIS DE MAJIMACHI,SI,SI,SI,NO,SI,27.63112167,-107.7684717
NORTE CENTRO,CHIHUAHUA,BAHUICHIVO,65,CHINIPAS 2,CHIHUAHUA,CHINIPAS,CHINIPAS DE ALMADA,NO,SI,SI,NO,SI,27.393715,-108.5376333
NORTE CENTRO,CHIHUAHUA,BAHUICHIVO,46,LOMA DE CHINIPAS,CHIHUAHUA,CHINIPAS,CHINIPAS DE ALMADA,NO,SI,SI,NO,SI,27.39426,-108.537575
NORTE CENTRO,CHIHUAHUA,BAHUICHIVO,17,CHINIPAS,CHIHUAHUA,CHINIPAS,CHINIPAS DE ALMADA,NO,SI,SI,NO,SI,27.36176833,-108.147795
NORTE CENTRO,CHIHUAHUA,BAHUICHIVO,78,AGUA CALIENTE,CHIHUAHUA,CHINIPAS,AGUA CALIENTE,SI,SI,SI,NO,SI,27.459095,-108.5281617
NORTE CENTRO,CHIHUAHUA,BAHUICHIVO,66,GUADALUPE VICTORIA,CHIHUAHUA,CHINIPAS,GUADALUPE VICTORIA,SI,SI,SI,NO,SI,27.52722167,-108.489125
NORTE CENTRO,CHIHUAHUA,BAHUICHIVO,48,EL LIMON,CHIHUAHUA,CHINIPAS,EL LIMON,NO,SI,SI,NO,SI,27.40152667,-108.5437133
NORTE CENTRO,CHIHUAHUA,BAHUICHIVO,106,EL LIMON #2,CHIHUAHUA,CHINIPAS,EL LIMON,SI,SI,SI,NO,SI,27.39931833,-108.5295533
NORTE CENTRO,CHIHUAHUA,BAHUICHIVO,41,LOS LLANITOS,CHIHUAHUA,CHINIPAS,LOS LLANITOS,SI,SI,SI,NO,SI,27.33404667,-108.3701233
NORTE CENTRO,CHIHUAHUA,BAHUICHIVO,51,MILPILLAS,CHIHUAHUA,CHINIPAS,MILPILLAS,NO,SI,SI,NO,SI,27.20967333,-108.6464283
NORTE CENTRO,CHIHUAHUA,BAHUICHIVO,76,SAN ANTONIO,CHIHUAHUA,CHINIPAS,COLONIA MONTENEGRO (SAN ANTONIO),SI,SI,SI,NO,SI,27.41513667,-108.587595
NORTE CENTRO,CHIHUAHUA,BAHUICHIVO,95,PALMAREJO,CHIHUAHUA,CHINIPAS,PALMAREJO,SI,SI,SI,NO,SI,27.388005,-108.3890517
NORTE CENTRO,CHIHUAHUA,BAHUICHIVO,125,PALMAREJO,CHIHUAHUA,CHINIPAS,PALMAREJO,SI,SI,SI,NO,SI,27.38018667,-108.3578483
NORTE CENTRO,CHIHUAHUA,BAHUICHIVO,100,LAS TUNAS,CHIHUAHUA,CHINIPAS,LAS TUNAS,SI,SI,SI,NO,SI,27.550855,-108.615095
NORTE CENTRO,CHIHUAHUA,BAHUICHIVO,99,SAN RAFAEL DE ORIVO,CHIHUAHUA,CHINIPAS,SAN RAFAEL DE ORIVO,SI,SI,SI,NO,SI,27.62942,-108.3450133
NORTE CENTRO,CHIHUAHUA,BAHUICHIVO,7,HUAZACHI,CHIHUAHUA,CHINIPAS,GUASACHI,SI,SI,SI,NO,SI,27.65845667,-108.2905317
NORTE CENTRO,CHIHUAHUA,BAHUICHIVO,118,TEMORIS # 2,CHIHUAHUA,GUAZAPARES,TEMORIS,NO,SI,SI,NO,SI,27.28180667,-108.28238
NORTE CENTRO,CHIHUAHUA,BAHUICHIVO,112,TEMORIS,CHIHUAHUA,GUAZAPARES,TEMORIS,NO,SI,SI,NO,SI,27.27116167,-108.2766333
NORTE CENTRO,CHIHUAHUA,BAHUICHIVO,77,APORABO,CHIHUAHUA,GUAZAPARES,APORAVO,SI,SI,SI,NO,SI,27.51476167,-108.2137767
NORTE CENTRO,CHIHUAHUA,BAHUICHIVO,47,BATOSEGACHI,CHIHUAHUA,GUAZAPARES,BATOSEGACHI,SI,SI,SI,NO,SI,27.40206667,-108.3188867
NORTE CENTRO,CHIHUAHUA,BAHUICHIVO,34,CIENEGUITA DE BUSTILLOS,CHIHUAHUA,GUAZAPARES,LA CIENEGUITA DE LOS BUSTILLOS,SI,SI,SI,NO,SI,27.39185167,-108.2390833
NORTE CENTRO,CHIHUAHUA,BAHUICHIVO,117,SAN JOSE DE GUAZAPARES,CHIHUAHUA,GUAZAPARES,GUAZAPARES,SI,SI,SI,NO,SI,27.38348333,-108.27155
NORTE CENTRO,CHIHUAHUA,BAHUICHIVO,101,HORMIGUEROS,CHIHUAHUA,GUAZAPARES,HORMIGUEROS,SI,SI,SI,NO,SI,27.216145,-108.4204333
NORTE CENTRO,CHIHUAHUA,BAHUICHIVO,37,LOS LLANOS,CHIHUAHUA,GUAZAPARES,LOS LLANOS DE URUAPAN,SI,SI,SI,NO,SI,27.34262167,-108.3244983
NORTE CENTRO,CHIHUAHUA,BAHUICHIVO,116,MONTERDE,CHIHUAHUA,GUAZAPARES,MONTERDE (MONTERDE VIEJO),SI,SI,SI,NO,SI,27.57419333,-108.0842167
NORTE CENTRO,CHIHUAHUA,BAHUICHIVO,26,LA PERIQUERA,CHIHUAHUA,GUAZAPARES,LA PERIQUERA,SI,SI,SI,NO,SI,27.42728833,-108.3706
NORTE CENTRO,CHIHUAHUA,BAHUICHIVO,45,SANTA MATILDE,CHIHUAHUA,GUAZAPARES,SANTA MATILDE,SI,SI,SI,NO,SI,27.26025167,-108.29801
NORTE CENTRO,CHIHUAHUA,BAHUICHIVO,61,TEPOCHIQUE,CHIHUAHUA,GUAZAPARES,TEPOCHIQUE,SI,SI,SI,NO,SI,27.49224,-108.3937833
NORTE CENTRO,CHIHUAHUA,BAHUICHIVO,121,AREMOIBO,CHIHUAHUA,GUAZAPARES,AREMOIBO,NO,SI,SI,NO,SI,27.579495,-108.09009
NORTE CENTRO,CHIHUAHUA,BAHUICHIVO,119,CORARAYVO,CHIHUAHUA,GUAZAPARES,CORARAYVO,SI,SI,SI,NO,SI,27.41955833,-108.1749983
NORTE CENTRO,CHIHUAHUA,BAHUICHIVO,110,EL CRUZERO,CHIHUAHUA,GUAZAPARES,CHARUYVO,SI,SI,SI,NO,SI,27.41520833,-108.07256
NORTE CENTRO,CHIHUAHUA,BAHUICHIVO,50,IRIGOYEN,CHIHUAHUA,GUAZAPARES,IRIGOYEN,SI,SI,SI,NO,SI,27.36169167,-108.147745
NORTE CENTRO,CHIHUAHUA,BAHUICHIVO,81,BAJIOS DE PITORREAL,CHIHUAHUA,GUAZAPARES,BAJIOS DEL PITORREAL,SI,SI,SI,NO,SI,27.56590167,-108.0571283
NORTE CENTRO,CHIHUAHUA,BAHUICHIVO,72,TIERRA BLANCA,CHIHUAHUA,GUAZAPARES,TIERRA BLANCA,SI,SI,SI,NO,SI,27.61554833,-108.277845
NORTE CENTRO,CHIHUAHUA,BAHUICHIVO,126,EL RODEO,CHIHUAHUA,GUAZAPARES,EL RODEO,SI,NO,SI,NO,SI,27.59037833,-108.25652
NORTE CENTRO,CHIHUAHUA,BAHUICHIVO,98,ERECHUCHIQUE,CHIHUAHUA,MAGUARICHI,ERECHUCHIQUE,SI,SI,SI,NO,SI,27.6982,-108.0319983
NORTE CENTRO,CHIHUAHUA,BAHUICHIVO,85,OCOVIACHI # 2,CHIHUAHUA,MAGUARICHI,OCOVIACHI,SI,SI,SI,NO,SI,27.64275667,-108.0631433
NORTE CENTRO,CHIHUAHUA,BAHUICHIVO,32,OCOVIACHI,CHIHUAHUA,MAGUARICHI,OCOVIACHI,SI,SI,SI,NO,SI,27.63425833,-108.057765
NORTE CENTRO,CHIHUAHUA,BAHUICHIVO,88,LA PISTA,CHIHUAHUA,URIQUE,URIQUE,NO,SI,SI,NO,SI,27.21125333,-107.9164917
NORTE CENTRO,CHIHUAHUA,BAHUICHIVO,27,URIQUE,CHIHUAHUA,URIQUE,URIQUE,NO,SI,SI,NO,SI,27.213195,-107.91406
NORTE CENTRO,CHIHUAHUA,BAHUICHIVO,111,AREPONAPUCHI,CHIHUAHUA,URIQUE,AREPONAPUCHI,NO,SI,SI,NO,SI,27.50756,-107.8413133
NORTE CENTRO,CHIHUAHUA,BAHUICHIVO,114,BAHUERACHI,CHIHUAHUA,URIQUE,COLONIA BAHUERACHI (BAGUERACHI),SI,SI,SI,NO,SI,27.05886,-108.1652967
NORTE CENTRO,CHIHUAHUA,BAHUICHIVO,2,BASONAYVO,CHIHUAHUA,URIQUE,BAHUICHIVO,NO,SI,SI,NO,SI,27.40882167,-108.0679833
NORTE CENTRO,CHIHUAHUA,BAHUICHIVO,62,BAHUICHIVO,CHIHUAHUA,URIQUE,BAHUICHIVO,NO,SI,SI,NO,SI,27.408495,-108.0651683
NORTE CENTRO,CHIHUAHUA,BAHUICHIVO,49,BASIGOCHI,CHIHUAHUA,URIQUE,BASIGOCHI,SI,SI,SI,NO,SI,27.21200667,-108.0989617
NORTE CENTRO,CHIHUAHUA,BAHUICHIVO,108,EL MASTRANZO,CHIHUAHUA,URIQUE,CEROCAHUI,NO,SI,SI,NO,SI,27.30177667,-108.0599817
